,COLOER KEY --->>>>>,,Priority clinic list ,atena open tracker ,Large hospitals popped in by mellisa will be snail mailing them ,atena open tracker ,Includes Exotics ,,,,,,,,,,,,,,
,,greendoglmarai@gmail.com PUT YOUR NOTES IN HERE PLS :)Notes should be like this 3/27/25_GF ( your inititals ) your notes ,,,,,,,,,,,,,`,,,,,,
CLEANED UP?,Clinic Name,Notes,Referring Clients?,DVM OPEN HOUSE ,IN EZ?,GDD Zone,WHO ATTENDED DVM OPEN HOUSE?,# of referrals ,VISITS,Dates of Visits ,COOKIES?,Contact Name,Primary Veterinarian,Phone Number,Email,Address,Map Link,Last Interaction Date,GP OR SPE,What Services do they provide?,SPE SERVICES
YES - by Gladys ,Access LA,6/1/2023,NO,,Unknown,Venice,,,,,,,"Dr. Bethany Fackler
Dr. Hannah Attarian
Dr. Karen Schachterie
Dr. Cheryl Yashar
Dr. Callie Rich
Dr. Reunan Guillou
Sr. Laurent P. Guiot
Dr. Emily Chapel
Dr. Amelia Sinkin
Dr. Jeanette Hendricks
Dr. Marie Keith
Dr. Kelly Murphy
Dr. Brianna Smith
Dr. Amanda Spillane
Dr. Nicole Budzinski
Dr. Sara Herschler
Dr. Kristen Lahey
Dr. Priscilla Marroquin
Dr. Nhu Yen Nguyen
Dr. Ashley Pace
Dr. Alexa Rangel
Dr. Stephanie Streete
Dr. Michelle Zhang
Dr. Max Emanuel
Dr. Stephanie Smith
Dr. Sayaka Uematsu
Dr. Katarina Yi
Dr. Timothy Krebs 
Dr. Melissa Andruzzi
Dr. Ketaki Karnik
Dr. Reynsen Shigemoto
Dr. Kim Carey
Dr. Miranda de la Vega
Dr. Annie Lo","310.558.6100
310.997.1543",cserv@accessla.org,"9599 Jefferson Blvd, Culver City CA 90232",Google Maps Link,,UNKNOWN,,
,Affordable Animal Hospital Eagle Rock,,,,,,,,,,,,,323-794-056,info@affordableanimalhospitaleaglerock.com,"4000 Eagle Rock Blvd, Los Angeles, CA 90065",Google Maps Link,,,,
,Affordable Animal Hospital Silver Lake,,,,,,,,,,,,,,,,Google Maps Link,,,,
,All Animals Veterinary Hospital ,"6/25/25_ GF- Roberston, Gladys & Dre visited and dropped off flyers and left contact info - Dr. m was ""in surgery""",,,,"Aetna, SO",,,"6/25/26 _ DrRoberston,Gladys ,Dre",,,,,(818) 600-1838,help@allanimals-vet.com,"23815 Ventura Blvd Calabasas, CA 91302",Google Maps Link,,,,
Visit 3/19,Aloro Pet Hospital ,2/5/25_LM 2/26/25-2/27/25_LM,,,Unknown,"Aetna, SO",,,1,1,,,"Dr. Dumas, Dr. Anush, Dr. Drogra, Dr. Khouban (Medical Director)",818-766-8197,staff@aloropethospital.com,"4846 Laurel Canyon Blvd Valley Village, CA 91607",,,SPE,,Behavior Management
Visit 3/20 ,Animal AM-Emergency Clinic,6/1/23,NO,,Unknown,"Aetna, SO",,,1,"unkown, 3/18/25",,,"Dr. Craig Mohaghegh, Dr. Vicky Chan, Dr. Hsiang-ling Chang, Dr. Anna Satorius, Dr. Rebecca Wong",626-564-0704, info@aaecp.com,"2121 E. Foothill Blvd, Pasadena, CA 91107",Google Maps Link,2023-06-01,UNKNOWN,,
Visit 3/19,Animal Clinic of Encino,2/5/25_  2/26/25 - 2/26/25 3/3/25_LM,,,Unknown,"Aetna, SO",,,2,2,,,Tina Chang DVM,818-342-7900,tacoeoffice@sbcglobal.net,"18010 Ventura Blvd. Encino, CA 91316",,,SPE,,"Neurology, Internal Medicine, Ophthalmology, Dermatology, Geraontology, Ocology, Radiology"
Visit 3/20 ,Animal Dermatology Center,2/2/25_ 8/4/22_Dr. Geist met with Dr. Werner in person 8/4/22,YES,Attended,Unknown,"Aetna, SO",,,3,3,,,"Dr. Alexander Werner Resnick VMD, Dr. William Oldenhoff, DVM",818-981-8877,animaldermatologycenter@gmail.com,"13125 Ventura Blvd, Studio City, CA 91604",Google Maps Link,2023-06-01,SPE,,Dermatology
YES - by Mellisa ,Animal Dermatology Clinic,"6/1/23_Emailed
3/1/22_drop off brochures ",NO,,Unknown,Venice,Dr. Alexander Werner Resnick ,,1,1,,,"Craig Griffin, DVM, Wayne Rosenkrantz, DVM, Rusty Muse, DVM, Mona Boord, DVM, Mandy Burrows, BSc BVMS, Randall C. Thomas, DVM, Terri Bonenberger, DVM, Jenise Daigle, DVM, Joel Griffies, DVM, Heather Willis-Goulet, DVM, Lisa Akucewich, DVM, John Angus, DVM, Rudayna Ghubash, DVM, Colleen Mendelsohn, DVM, Allison Kirby, DVM, Melissa Hall, DVM",310.822.3376,infomarinadelrey@adcmg.com,"4834 Lincoln Blvd, Marina Del Rey, CA 90292",Google Maps Link,2023-06-01,UNKNOWN,,
,Animal Health Care Center,,,,,,,,,,,,,323-258-2122,,"5211 El Verano Ave, Los Angeles, CA 90041",Google Maps Link,,,,
,Animal Medical Center Valencia,,,,,,,,,,,,Dr. Heylim Kang / Dr. David Hinebaugh /  Dr. Michael Chae ,661-255-5555,amcvalencia@gmail.com,"25848 McBeann Pkwy Valencia, CA 91355",Google Maps Link,,,,
YES - by Gladys ,Animal Specialty and Emergency Center (ASEC),6/1/2023,YES,,Unknown,Venice,,,unkown,unkown,,,"Dr. Raviv Balfour
Dr. Kristin Barncord
Dr. Betty Chow
Dr. Eric Chow
Dr. Sara Crespo-Szabo
Dr. Sue Downing
Dr. Jenn Hubbard
Dr. Andres Ixtlahuac
Dr. Ingrid Judge
Dr. Laurel Krause
Dr. Teresa Linder
Dr. Melissa Ong
Dr. Roxanne Regalado
Dr. Jean Reichle
Dr. Daniella Ross
Dr. Carley Saelinger
Dr. Brittany Shuster
Dr. Mary Somerville
Dr. Nicole Spurlock
Dr. Ian Sroufe
Dr. Tricia Tovar
Dr. Sharmei Vicente
Dr. Kimberly Vu
Dr. Kelleigh Waters
Dr. Sean Yoshimoto (Medical Director)Lindsay Olmos (marketing and referrals) ",310-473-5906 / 310-473-1561 - this is a private number to a DVM - Joan Dolance ,"Zoe.Olmos@vca.com, Vanessa.Washburn@vca.com, Tricia. Tovar@vca.com, Raviv.Balfour@vca.com, Kristin.Barncord@vca.com, Betty.Chow@vca.com, Eric.Chow@vca.com, Sue.Downing@vca.com, Adrienne.Felix@vca.com, Annie.Kang@vca.com, Andres.Ixtlahuac@vca.com, Ingrid.Judge@vca.com, Teresa.Linder@vca.com, Melissa.Ong@vca.com, Roxanne.Regalado@vca.com, Jean.Reichle@vca.com, Daniella.Ross@vca.com, Carley.Saelinger@vca.com, Brittany.Shuster@vca.com, Mary.Somerville@vca.com, Nicole.Spurlock@vca.com, Annika.Sundby@vca.com, Sameer.Trivedi@vca.com, Kimberly.Vu@vca.com, Michell.Zhang@vca.com,","1535 South Sepulveda Blvd., Los Angeles, CA 90025",Google Maps Link,,UNKNOWN,,
Visit 3/20 ,Animal Vision Care & Surgical Center,,,,Unknown,"Aetna, SO",,,1,1,,,Dr. Noelle McNabb,(818) 501-5155,reception@animalvisioncare.com,"12147 Ventura Boulevard, Studio City
California, 91604",,,SPE,,"Ophthalmic: Cataract Surgery, Diagnostic Testing, Examinations, Eye Certification Exams, Prescription Refill Request, Surgical Services"
YES - by Mellisa ,Animal Wellness Centers,6/1/23_Emailed,NO,,Unknown,Venice,,,2,2,,,"Dr. Annie Harvilicz, Dr. Pernilla Edstrom, Dr. Katarzyna, Dr. Ying Zhi Lim,",310.381.9481,"info@animalwellnesscenters.com; annie@animalwellnesscenters.com; drlim@animalwellnesscenters.com; dredstrom@animalwellnesscenters.com, drkasia@animalwellnesscenters.com","1217 Wilshire Blvd, Santa Monica, 90403",Google Maps Link,2023-06-01,UNKNOWN,,
,Avalon Animal Hospital & Bird Clinic,,,,,,,,,,,,,(310) 835 0111,,"22404 S Avalon Blvd, Carson, CA 90745",,,,,
Visit 3/21,Balboa Veterinary Medical Center ,3/17_GF: New clinic - was not added to this spreadsheet ,,,Unknown,"Aetna, SO",,,3,NEW CLINIC NEVER VISITED! ,,,, (747) 285-4885,,"10361 Balboa Blvd. Granada Hills, CA 91344",,,,,
Visit 3/20 ,Banfield Pet Hospital,,,Attended,Unknown,"Aetna, SO","Dr. Inez Del Pino
Leslie Siller
Jose Coronado ",,1,unkown,,,"Dr. Del Pino, Dr. Valencia",818-998-3875,banfield5237@banfield.com,"8986 Tampa Ave, Northridge, CA 91324",,,GP,,
YES - by Mellisa ,Bay Animal Hospital,6/1/23,Yes,,Unknown,Venice,,1,unkown,unkown,,,,310.545.6596,"frontdesk@bayanimalhosp.com, sgoodell@bayanimalhosp.com, jbailey@bayanimalhosp.com, sgilliam@bayanimalhosp.com, jmatsuoka@bayanimalhosp.com, rtalpalatsky@bayanimalhosp.com
ksantelio@bayanimalhosp.com, tkim@bayanimalhosp.com, thigashi@bayanimalhosp.com, rmorrison@bayanimalhosp.com ","1801 North Sepulveda blvd, Manhattan Beach CA 90266",Google Maps Link,2023-06-01,UNKNOWN,,
YES - by Mellisa ,"Benjamin Rosnick, DVM",6/1/23,NO,,Unknown,Venice,,,unkown,unkown,,,*See Serenity VET,(424) 270-9006,"benjamin.rosnick@drrosnick.com
",makes HC in LA and Long Beach areas,Google Maps Link,2023-06-01,UNKNOWN,,
Visit 3/20 ,Best Friends Animal Hospital,2/2/25_LM 3/3/25_LM_ Spoke Trish Hansen/ Office Manager,,,Unknown,"Aetna, SO",,,3,2,,,"Dr. Erica Heim, Dr. Susie Osmundson, Dr. Tracy Noda, Dr. Dan West, Dr. Lauren Vaughan, Dr. Amanda Wright",818-766-2140,"info@bestfriendsanimalhospitals.com, info@bestfriendsanimalhospital.com, kellie@bestfriendsanimalhospital.com","5425 Laurel Canyon Blvd.Valley Village, CA 91607",,,GP,,
YES - by Mellisa ,Beverly Hills Small Animal Hospital,"4/13_Spoke to Letty and she said Dr. Winters is the one to contact and his email is:  bhsah.pets@gmail.com, explained about our Internal Medicine Services and he would love for us to email him for Dr. Geist to stop by- NG (email sent)
5/19/23_Emailed and Called",Yes,,Unknown,Venice,,2,unkown,unkown,,,John Winters,310.276.7113,bhsah.pets@gmail.com,"353 Foothill Dr, Bevely Hill, 90210",Google Maps Link,5/19/2023,UNKNOWN,,
Visit 3/19,Beverly Oaks Animal Hospital,"9/16/2024_ Sheena Novick Manager Referral Packet Version  _____________ 2/2/25_Vanessa convo at Reception, nice, left packet, showed DVM ref section of GDD.com ",YES,,Unknown,"Aetna, SO",,,2,2,,,"Dr. Laurie Leach, Dr. Brian Wood, Sheena Novick Certified Veterinary Assistant, Liliya Didich Registered Veterinary Technician, Rudy Nava Registered Veterinary Technician",818.722.8680,bevoaks@gmail.com,"14302 Ventura Blvd., Sherman Oaks, CA 91423",Google Maps Link,2023-06-01,SPE,,Behavior
YES - by Mellisa ,Beverly Pet Clinic,"3/6/25_Spoke to Gabby, Dr. Woo is contact person and she left to Korea and will be back April 25th but said to email her at: info@beverlypetclinic.com and she will response back to us when she is back.- NG (email sent)",NO,,Unknown,Venice,,,unkown,unkown,,,Dr. Woo,323.378.5402,info@beverlypetclinic.com,"4655 Beverly Blvd, LA 90004",Google Maps Link,2023-05-19,UNKNOWN,,
YES - by Mellisa ,Beverly Robertson Veterinary Clinic,"3/11/25 & 2/18/25_Spoke to Ruby, gave me email that all Vets can see so a good thing to send for Vets to join us also- NG (sent email)",SUPER CLINIC ,,Unknown,Venice,,5,3,3,3/11/25,,Dr. Nassi,310.464.0264,info@beverlyrobertsonvet.com,"1800 S Robertson Blvd #8, Los Angeles, CA 90035",Google Maps Link,2023-05-19,UNKNOWN,,
,Bloomfield Animal Hospital,,,Attended,Unknown,,"Dr. Jose Elmer “Joel” Arambulo,
Marc Bautista",,,,,,,15623837788,bloomfieldpet@yahoo.com,"20927 Norwalk Blvd, Lakewood, CA 90715",Google Maps Link,,,,
Visit 3/20 ,Blue Cross Pet Hospital,2/26/25 - 2/27/25_LM DVM Visit,,Attended,Unknown,"Aetna, SO","MARY JO HOWE,
Dr. Nahmi Jones,
Jill, ",,2,2,,,"Dr. Peter Lowenthal, Dr. Nahmi Jones, Dr. James Walters, Dr. Corine Gros",818-980-1313,reception@bluepet.com,"5505 Tujunga Ave, North Hollywood, CA 91601",,,SPE,,"Internal Medicine, Laser Therapy, Allergy Care,  Oncology, Emergency Care"
YES - by Mellisa ,Blue Pet Hospital,6/1/23,NO,,Unknown,Venice,,,unkown,unkown,,,"Wayne Berry, Vivian Chiang DVM, Autumn Denison DVM, Megan Doan DVM, Scarlette Donovan VTS",949.833.9020,info.irvine@bluepearlvet.com,"1371 Reynolds Ave., Irvine, CA 92614",Google Maps Link,2023-06-01,UNKNOWN,,
Visit 3/20 ,Boulevard Pet Clinic,"10/4_ Dr. Schwartz, left with CSR_ Referral Packet Version 1_ not yet_ one dvm, super into holistic and alt therapy, not a high volume, but possible quality 2/26/25-2/27/25 _LM",,,Unknown,"Aetna, SO",,,1,1,,,Dr. David Schartz,818-506-2440,boulevardpetclinic@yahoo.com,"11440 Ventura blvd ste 102, Studio City, CA 91604",,,GP,,
YES - by Mellisa ,Brent-Air Animal Hospital,6/1/23,YES,,Unknown,Venice,,,1,1,,,"Kevin Schlanger, DVM",310.478.0011,frontdesk@brentairanimalhospital.com,"4477 Sepulveda Blvd, Culver City, CA 90230",Google Maps Link,2023-06-01,UNKNOWN,,
Visit 3/20 ,Capri Plaza Pet Clinic,"6/25/25_ GF- Roberston, Gladys & Dre visited and spok to dr. tumura - realluuy nics brough us to the back met with her and her tech____________2/26/25 - 2/27/25_LM DVM Visit, Dr. Tamura
10/3/24_DVM Visit, Referral Packet, Big into birds, heavily advertising, all over lobby and online.  Didnt seem highly interested but could def send us stuff if we get on her good side. Good to connect with Robertson when shes on, Exotics Ref center  ",,,Unknown,"Aetna, SO",,,"6/25/26 _ DrRoberston,Gladys ,Dre",1,,,Dr. Tamura,818-881-6344 ,info@capriplazapetclinic.com,"19582 Ventura Blvd., Tarzana, CA 91356",,,SPE,,"Geriatric Care, Radiology, Exotics"
YES - by Mellisa ,CARE  - California Animal Rehabilitation,2/18/25_LMDVM Visit 3/11/25 ,SUPER CLINIC ,,Unknown,Venice,,1,3,3,3/11/25,,"Jessica H. Waldman, VMD, CVA, CCRT, Justine Ma, DVM, CVA, Carissa Hoffman, DVM, CVA, Dr. Ava Kent, DVM, CVA, Dr. Karen Rabin, DVM, CVMA,",310-998-2273,info@CalAnimalRehab.com,"240 Center St, El Segundo, CA 90245",Google Maps Link,2023-06-01,UNKNOWN,,
YES - by Mellisa ,Carlsen Animal Hospital - CLOSED ,6/1/23,NO,,Unknown,Venice,,,unkown,unkown,,,"YASMIN GOLSHAHI, RESHMA BIJLANI, SHADIE GHAFFARI",310.445.4692,CARLSENANIMALHOSPITAL@CAHSTAFF.COM,"11163 La Grange Ave, Los Angeles, CA 90025",Google Maps Link,2023-06-01,UNKNOWN,,
,Castillo Animal ,,,Attended,Unknown,,"Dr. Daniela Castillo,
Julianna Herrera",,,,,,Dr. Daniela Castillo,(213) 732-2683,castilloanimalvc@gmail.com,"Mobile Clinic
Mailing Address: 10316 Sepulveda Blvd. #117
Mission Hills CA 91345",Google Maps Link,,,,
YES - by Gladys ,Center Sinai Animal Hospital,"3/17_GF: New clinic - was not added to this spreadsheet but popped up in our referral report 
""I Have stopped by a Few times, Dropped off Flyers
6/1/23_Emailed, Materials Dropped""",Yes,,,Venice,,2,NEW CLINIC NEVER VISITED! ,NEW CLINIC NEVER VISITED! ,,,"Dr. Gamez ( Cheif of Staff ) Emily is the sopital Manager 
Dr. Barry Baum",(310) 559-3770,info@centersinaianimalhospital.com,"10737 Venice Blvd., Los Angeles, CA 90034",Google Maps Link,,,,
YES - by Mellisa ,Centinela Animal Hospital,"2/18/25_LM DVM Visit
6/1/23_Emailed - 3/11/25",SUPER CLINIC ,,Unknown,Venice,,40,3,3,3/11/25,,Dr. Palmquist,(310) 673-1910,centinela.animal@gmail.com,"721 Centinela Ave, Inglewood, CA 90302",Google Maps Link,2023-06-01,UNKNOWN,,
YES - by Mellisa ,Comforting Creatures,6/1/23,NO,,Unknown,Venice,,,unkown,unkown,,,,310.438.6734,comfortingcreatures@dvmcenter.com,"5113 1/2 Lincoln Ave Los Angeles, CA",Google Maps Link,2023-06-01,UNKNOWN,,
,Community Animal Treatment Center,,,Attended,Unknown,,"Sandy Sagastume 
Dr. Peyvand M. Silverman ",,,,,,Dr. Peyvand M. Silverman ,818 330 3403,"info@catcburbank.org, ","7680 Clybourn Avenue Suite A, Sun Valley, California 91352",Google Maps Link,,,,
Visit 3/20 ,Complete Animal Eye Care Center,3/3/25_LM DVM Visit,,,Unknown,"Aetna, SO",,,1,1,,,Dr. Bruce Silverman DVM,(818) 986-4356,completeanimaleyecarecenter@hotmail.com,"14120 Ventura Blvd, Sherman Oaks, CA 91423",,,SPE,,ophthalmic services
,Copper Hill Animal Clinic,,,,,,,,,,,,Dr. Vanessa Vandersande / Dr. Nicole Watts , (661) 296-8848,," 26859 Bouquet Canyon Rd ste c, Santa Clarita, CA 91350",,,,,
YES - by Mellisa ,Culver City Animal Hospital,6/1/23,YES,,Unknown,Venice,,,3,3,,,Dr. Heidi Hillary and Dr Lee (relief),310.836.4551,culvercityanimalhospital5830@gmail.com,"5830 Washington Blvd, Culver City, 90232",Google Maps Link,2023-06-01,UNKNOWN,,
YES - by Mellisa ,Culver Palms Animal Hospital,2/18/25_LM DVM Visit,YES,,Unknown,Venice,,,2,2,,,Tony (practice Mannager),310-398-7256,ReceptionCPAH@gmail.com,"11511 Washington Blvd.
Los Angeles, California 90066",,,UNKNOWN,,
Visit 3/21,Dill Veterinary Hospital,,NO,,Unknown,"Aetna, SO",,,1,unkown,,,,(818) 899-5287,dillvet@verizon.net,"11207 San Fernando Road, San Fernando, CA 91340",Google Maps Link,,,,
,Dog & Cat Imaging Center,,,,,,,,,,,,"Dr. Lynetter D'Urso, DVM",,dogandcatcardio@gmail.com,,Google Maps Link,,,,
Visit 3/19,Dog and Cat Hospital Calabasas,2/5/25_LM DVM Visit ,Yes,Attended,Unknown,"Aetna, SO",Aris - ambassador,2,3,1,,Michelle - Manager,,818-963-2616, dogandcatcalabasas@gmail.com,"22291 Mulholland Hwy, Calabasas, CA 91302",,,UNKNOWN,,
YES - by Mellisa ,Dogcatdoc@yourdoor,6/1/23_Emailed,NO,,Unknown,Venice,,,unkown,unkown,,,Dr. Cynthia Hervatic,310.780.9465,dogcatdoc@gmail.com,Serving the Westside,Google Maps Link,2023-06-01,UNKNOWN,,
YES - by Mellisa ,Dr. Jack Vet Services,6/1/23,NO,,Unknown,Venice,,,unkown,unkown,,,Dr. Jack,323-591-4838,info@drjackvetservices.com,"578 Washington Blvd. #306 Marina del Rey, CA 90292",Google Maps Link,2023-06-01,UNKNOWN,,
YES - by Mellisa ,Dr. May's Veterinary House Calls,6/1/23,NO,Attended,Unknown,Venice,Dr. Armaiti May,,unkown,unkown,,,Dr. Armaiti May,310.614.3530,veganvet@gmail.com,Serving Malibu and Surrounding Areas,Google Maps Link,2023-06-01,UNKNOWN,,
Visit 3/20 ,Eagle Rock Animal Emergency,2/26/25 - 2/27/25_LM DVM Visit ,,,Unknown,"Aetna, SO",,,1,1,,,Dr. Meredith Kennedy,(323) 507-2301,info@erae.vet,"4254 Eagle Rock Blvd., Los Angeles, CA 90065",,,SPE,,Emergency 
YES - by Mellisa ,El Segundo Animal Hospital,6/1/23,Yes,,Unknown,Venice,,1,unkown,unkown,,,Dr. Shin and Streiber,310-606-8811,reception@elsegundoah.com,"11361 W Pico Blvd, Los Angeles, CA 90064",Google Maps Link,2023-06-01,UNKNOWN,,
YES - by Mellisa ,Elite Mobile Vet Care,6/1/23_Emailed,SUPER CLINIC ,,Unknown,Venice,,3,unkown,unkown,,,Dr. Kent,310.956.1702,info@eliteveterinarycare.com,"4139 Via Marina, Marina del Rey CA 90202",Google Maps Link,2023-06-01,UNKNOWN,,
YES - by Mellisa ,Emerald Animal Hospital,2/18/25_LM DVM Visit 3/6/25_LM,Yes,,Unknown,Venice,,1,3,3,,,Dr. Anahita Agahi DVM,"310-564-0013, 310.475.8555",info@emeraldanimal.com,"11560 West Olympic Blvd, Los Angeles, CA 90064",Google Maps Link,2023-06-01,UNKNOWN,,
YES - by Mellisa ,Encino Veterinary Center,"7/1/25-GF - staff was very nice - Hanna helped us - owner was not aviable to meet left flyers and biz cards >>>>>>3/11/25_LM DVM Visit, Left with CSR
2/25/25_DVM Visit, does exotics, Utilize Ezyvet CLient Portal, seems pretty ok, left packet with CSR, good convo, very accomodating and nice people, coule be goood Ref center",SUPER CLINIC ,,Unknown,"Aetna, SO",,2,3,3,3/11/25,,"Dr. Christine Fabregas-Arnau, Dr. Julio López, Dr. Noosha Kohan, Dr. Ashley Katich, Dr. Lauren Matzuka, Dr. Adriana Razo, Dr. Jessica Callisher",818-783-7387,Hello@EncinoVetCenter.com, 17623 Ventura at White Oak ,,,SPE,,"Internal Medicine, Exotic Medicine, Dentistry & Surgery"
,Exotic Animal Veterinary Center,,,,,,,,,,,,,(626)405-1777,,"171 N Altadena Drive, Suite 120 Pasadena, CA 91107",,,,,FALSE
,Exotic Animal Veterinary Center,,,,,,,,,,,,,(626)405 1777,,"171 N Altadena Dr, Suite 120, Pasadena, CA 91107",,,,,
YES - by Gladys ,Family Pet Clinic of Redondo Beach,6/17_NG _ - spoke to Lupita and she said to address to Owner/Medical Director Dr. Kimberly Daffner and it will get forwarded to her email- NG,NO,,Unknown,Venice,,,unkown,unkown,,,"Dr. Kimberly Daffner (Medical Director) Dr. Angela Randall, Dr. Joyce Wong, Dr. Jessica Friedman, Dr. Kara Carroll, Dr. Kristin Yang, Dr. Laura Schneider,",310.376.0072,frontdesk@familypetclinic.com,"2006 Artesia Blvd, Redondo Beach, CA 90278",Google Maps Link,2023-06-01,UNKNOWN,,
YES - by Mellisa ,Family Veterinary,6/1/23,NO,,Unknown,"SO, Aetna, Venice",,,unkown,unkown,,,Dr. Shukman,818.438.4096,familyveterinaryinc@gmail.com,ALL LA MOBILE CLINIC ,Google Maps Link,2023-06-01,UNKNOWN,,
,FAR NORTH ,,,,,,,,,,,,,,,,,,,,
Visit 3/21,Five Star Veterinary Center,3/17_GF: New clinic - was not added to this spreadsheet ,,,Unknown,"Aetna, SO",,,NEW CLINIC NEVER VISITED! ,NEW CLINIC NEVER VISITED! ,,,,(818) 362-6599,fivestarvet@gmail.com,"13725 Foothill Blvd, Sylmar, CA 91342",Google Maps Link,,,,
YES - by Mellisa ,Fox Hills Animal Hospital,6/1/23,YES,,Unknown,Venice,,,3,3,,,"DR. WEFKI GIRGIS, DR. ANDREW GIRGIS,",(310) 564-0013,"info@foxhillsah.com, girgisdvm@yahoo.com","5558 Sepulveda Blvd, Culver City, CA 90230",Google Maps Link,2023-06-01,UNKNOWN,,
YES - by Mellisa ,"Frank Lavac, DVM",6/1/23,NO,,Unknown,Venice,,,1,1,,,*See VCA Wilshire,310.828.4587,Frank.lavac@vac.com,VCA Wilshire Animal Hospital,Google Maps Link,2023-06-01,UNKNOWN,,
,Garfield Animal Hospital,,,,,,"Dr. Adriana Araujo
Dr. Muhammad Ashiq",,,,,,,,garfieldanimalhosp@pacbell.net,,Google Maps Link,,,,
Visit 3/20 ,Gemcore Vet Services,6/1/23,NO,,Unknown,"Aetna, SO",,,1,unkown,,,Dr. Leticia Gonzalez- Euth Services,818.626.4964,gemcorevetservices@gmail.com,"21701 Devonshire St Suite F, Chatsworth, CA 91311",Google Maps Link,2023-06-01,UNKNOWN,,
,Glendale Small Animal Hospital ,,,,,,,,,,,,,(818) 241-5181,,"831 W. Milford Glendale, CA 91203",,,,,FALSE
YES - by Mellisa ,Gold Coast Mobile Veterinary Care,6/1/23_Emailed,High Potential,,Unknown,Venice,,,unkown,unkown,,,Dr. Jeanine Au,310-528-4026,DoctorAu@gcmvc.com,"Services South Bay, Culver City, Mid-City, WH, Marina del Rey, SM, West LA, PP, San Fernando Valley",Google Maps Link,2023-06-01,UNKNOWN,,
Visit 3/20 ,Granada Veterinary Clinic,"2/26/25 - 2/27/25_LM DVM Visit, Becky Hodgins, Referral Packet, small, very tech not savvy, not a lot of possibility for volume Ref.  Would appriciate hand held approach",,,Unknown,"Aetna, SO",,,2,1,,,Dr. Leana Galdjian,818-646-6713,granadavet@yahoo.com,"10838 Sepulveda Blvd, Mission Hills, CA 91345 US",,,GP,,
YES - by Mellisa ,Greentree Veterinary Service,6/1/23,NO,,Unknown,Venice,,,unkown,unkown,,,Dr. Susan Greenbaum,,info@greentree.vet.com,"5853 Melrose Ave, Los Angeles, CA 90038",Google Maps Link,2023-06-01,UNKNOWN,,
YES - by Mellisa ,Hancock Park Vet Clinic,2/5/25_LM DVM Visit,Yes,,Unknown,Venice,,1,2,2,,,Dr. Heather Dean/ Dr Jennier Gabriele -CO Medical Directors,323-936-6952,info@hancockparkvetclinic.com,"5200 Wilshire Blvd, Los Angeles CA 90036 ",,,UNKNOWN,,
Visit 3/19,Holistika Veterinary,3/17_GF: New clinic - was not added to this spreadsheet but popped up in our referral report ,Yes,Attended,,"Aetna, SO",Dr. Sally Lane,1,1,NEW CLINIC NEVER VISITED! ,,,Dr. Magda , (818) 584-2025,holistikavet@gmail.com,"2751 Foothill Boulevard La Crescenta-Montrose, CA 91214",Google Maps Link,,,,
YES - by Gladys ,Hollywood Cat & Dog Hospital,"6/17_NG_  spoke to Andy and only one vet, Dr. Girgis and said to address email to him and he will get it- NG",NO,,Unknown,"Aetna, SO",,,unkown,unkown,,,"Dr. Benjamin Rosnick, Dr. Lindsey Wendt, Mayela Villalobos VT, Dr. Jordan Davis-Powell, Dr. Angela Randall,",(323) 469-3000,Wehovets@gmail.com,"1146 N La Brea Ave, West Hollywood, CA 90038",Google Maps Link,2023-06-01,UNKNOWN,,
YES - by Mellisa ,Home Pet Doctor,6/1/23,NO,Attended,Unknown,"Aetna, Venice, SO",Dr. Steve Smith,,unkown,unkown,,,Dr. Steve Smith,323.469.3442,steve@homepetdoctor.com,ALL LA MOBILE CLINIC ,Google Maps Link,2023-06-01,UNKNOWN,,
YES - by Mellisa ,L.A. Pet Clinic,3/17/25_ GF:no website? super weird_______6/1/23,NO,,Unknown,Venice,,,unkown,unkown,,,Dr. Reina Gaetan, (323) 461-3575,lapetclinic@yahoo.com,"5853 Melrose Ave, Los Angeles, CA 90038",Google Maps Link,2023-06-01,UNKNOWN,,
Visit 3/19,Lake Balboa Veterinary Care,"3/3/25_LM__DVM Visit, Manager Karin, Referral Packet, small, very tech not savvy, not a lot of possibility for volume Ref.  Would appriciate hand held approach 2/5/25_LM DVM Visit ",High Potential,,Unknown,"Aetna, SO",,,3,3,,,"Dr. King Moon, Dr. Sindy Habib",​818-907-0929,staff@lbvetcare.com,"6440 Sepulveda Blvd Ste B Van Nuys, CA 91411",,,GP,,
VISIT FOR 3/18,Laurel Pet Hospital,"6/1/23_Materials dropped, DVM visit",YES,,Unknown,"Aetna, SO",,,unkown,unkown,,"TODD CALSYN, VMD, TONY EBLING, VMD, MEREDITH RETTINGER, DVM, ALLISON PANG, DVM, JD CALSYN, VMD, DACVIM, JASON BALARA, DVM, DACVS,",,323.654.7060,lph@laurelpethospital.com,"7970 Santa Monica Blvd, West Hollywood, CA 90046",Google Maps Link,2023-06-01,UNKNOWN,,
Visit 3/19,Limehouse Veterinary Clinic,3/17_GF: New clinic - was not added to this spreadsheet but popped up in our referral report ,Yes,,,"Aetna, SO",,2,1,NEW CLINIC NEVER VISITED! ,,,,(818) 761-0787,c-barreto@limehousevetclinic.com, 1733 S Victory BlvdGlendale CA,Google Maps Link,,,,
,Los Angeles Animal Specialty Emergency & Rehabilitation (LAASER),,,,,,,,,,,,,,info@laaser.vet,,Google Maps Link,,,,
YES - by Mellisa ,Los Angeles Veterinary Center,2/5/25_LM DVM Visit - 3/11/25_LM  ,SUPER CLINIC ,,Unknown,Venice,,1,3,3,3/11/25,,Dr. Victor Ramierez - Founder,323-685-7131, info.laveterinarycenter@gmail.com,"109 N Boyle Ave, Los Angeles, CA 90033",Google Maps Link,2023-06-01,UNKNOWN,,
YES - by Mellisa ,Malibu Coast Animal Hospital,"6/1/23_Emailed, Maildropped, & DVM visit",YES,,Unknown,"Venice, Aetna, SO",,,unkown,unkown,,,Dr. Dean Graulich,424.402.5100,information@mlibuvets.com,"23431 Pacific Coast Highway, Malibu",Google Maps Link,2023-06-01,UNKNOWN,,
YES - by Mellisa ,Mar Vista Animal Medical Center,6/1/23 2/18/25,High Potential,,Unknown,Venice,,,3,3,,,"Dr. Wendy Brooks, Dr. Leslie Moore, Dr. Jenny Johnson, Dr. Linda Larsen,",(310) 391-6741,MarVistaAMC@gmail.com,"3850 Grand View Blvd, Los Angeles, CA 90066",Google Maps Link,2023-06-01,UNKNOWN,,
YES - by Mellisa ,Marina Veterinary Center,6/1/23_Emailed,Yes,,Unknown,Venice,,1,unkown,unkown,,,"Dr. Jarrod Moss, Dr. Karen Halligan",310.642.8080,INFO@MARINAVET.COM,"8421 Lincoln Blvd, Los Angeles, CA 90045",Google Maps Link,2023-06-01,UNKNOWN,,
YES - by Gladys ,MASH- Metropolitan Animal Specialty Hospital,5/9/23_ Spoke to Allison- NG (sent email),YES,Attended,Unknown,"Aetna, Venice",Nissan Mosapor,,unkown,unkown,,,"Armen Hakobyan (Hospital Director) Dr. Domenico Bianco, Dr. Joseph V. Bisignano, Dr. Jodi Kuntz, Dr. Ricardo Sanchez, Dr. Elizabeth Yi, Dr. Daniel Avenick, Dr. Linda Ahn, Dr. Alexis Kotelko, Dr. Diana Jacinto, Dr. Patrick Kirk, Dr. Shyvonne Mathias, Dr. Catherine Frey, Dr. Shaylee Albert, Dr. Paul Hobson, Dr. Eva Ganz, Dr. Tracy Yen, Dr. Rick Lanuza, Dr. Tara Stonex, Dr. Jeremy O'Neill, Dr. Tricia Tai, Dr. Annalis Cigarroa, Dr. Lisa Weeth, Dr. Jose De Jesus Ruiz Romero,Dr. Rose Dicovitsky","323.238.9295
855.350.7387",reception@mash.vet,"6565 Santa Monica Blvd, LA, 90038",Google Maps Link,,UNKNOWN,,
Visit 3/19,McGrath Veterinary Center,"3/3/25_LM DVM Visit
2/25/25_DVM Visit, Manager/RVT  Vickie-Lynne Crisosto, Referral Packet, Just rolled out UC and Emergency",High Potential,,Unknown,"Aetna, SO",,,3,3,,,"Dr. Brian McGrath DVM (Owner), Dr. Grace Song DVM, Dr. Michelle Miller DVM, Dr. Elysa Braunstein VMD, Dr. Supreet Dhillon DVM, Dr. Rubie Medina DVM, Dr. Salpi Shahbenderian DVM ",818.796.4550,"info@mcgrathvet.com, records@mcgrathvet.com, vickielynn@mcgrathvet.com","4560 Sherman Oaks Ave, Sherman Oaks, CA 91403",Google Maps Link,2023-06-01,SPE,,"Emergency, Diagnostics, Laser Therapy"
,Melrose Animal Hospital ,,,,,,,,,,,,,(323) 937.2334,,7116 Melrose Ave Los Angeles CA 90045,Google Maps Link,,,,
Visit 3/19,Mid Valley Veterinary Hospital ,"3/3/25_LM DVM Visit
2/5/25_LM DVM Visit",Yes,,Unknown,"Aetna, SO",,1,2,2,,,DR. MICHAEL PITT ,818-705-4585,midvalleyveterinaryhospital@gmail.com,"17280 Saticoy St. Van Nuys, CA 91406",,,SPE,,"Dermatology, Advanced Orthopedic Surgery, Soft Tissue Surgery"
Visit 3/21,Missions Veterinary Clinic and Animal Emergency Hospital,"3/17_GF: New clinic - was not added to this spreadsheet 
2/26/25 - 2/27/25_ LM DVM Visit, Danny, left with CSR, Referral Packet, Big practice, couldnt get past Desk, need to chat with CEO",,,Unknown,"Aetna, SO",,,2,1,,,"Dr. Ani Sefildzhian, Dr. Minae Thak, Dr. Cong Li, Dr. Benedict Pamintuan,  Dr. Richard Kim",(747) 800-5706,missionveterinaryclinic@gmail.com,"16915 San Fernando Mission Blvd, Granada Hills Ca 91344",,,SPE,,Emergency
YES - by Mellisa ,Modern Animal - Culver City ,3/3/25,NO,,Unknown,Venice,,,2,2,,,,(310) 473-4295,hello@modernanimal.com,"4300 Sepulveda Blvd, Culver City, CA 90230",Google Maps Link,2023-06-01,UNKNOWN,,
YES - by Mellisa ,Modern Animal - Studio City ,3/11/25_LM DVM Visit,SUPER CLINIC ,,Unknown,"Aetna, SO",,,3,3,3/11/25,,"Dr. Annie Kang, Dr. Cesar Diaz, Dr. Patty Thongnamsap, Dr. Alexandra Barker",866-505-8755,hello@modernanimal.com,"12157 Ventura Blvd., Studio City, CA, 91604",,,GP,,
,Moorpark Veterinary Hospital,,,,,,,,,,,,,(805) 529-7003,,"484 E Los Angeles Ave UNIT 104, Moorpark, CA 93021",,,,,
Visit 3/21,North Valley Veterinary Clinic,"2/26/25 - 2/27/25_LMDVM Visit, Left with CSR, Referral Packet, Very small, say lots of servces, no idea how they do them there, no DVM available, spoke to reception, went over GDD.com",,,Unknown,"Aetna, SO",,,1,1,,,"Dr. William Bender (Owner), Dr. Choi, Dr. Frankie",818-366-7777,,11152 Balboa Blvd. Granada Hills CA 91344,,,SPE,,"Orthopedics, Dentistry, Dermatology, Cardiology"
Visit 3/21,Northridge Pet Hospital,"2/26/25 - 2/27/25_LM DVM Visit
10/22/24_Dr. Chaim Mei-Tal, left with CSR, Referral Packet, Covid protocols still, couldnt get into hospital, recpetion drop off, no quality convo",,,Unknown,"Aetna, SO",,,1,1,,,Dr. Chaim Mei-Tal,818-885-8323,Northridgepethospital@gmail.com,"8615 Lindley Ave, Northridge, CA, 91325",,,SPE,,"Behavior, Cardiology, Dentistry, Dermatology, Geriatric/ Senior Patient Care, Internal Medicine, Laboratory Services, Oncology, Ophthalmology, Diagnostic Imaging, Hip Evaluation, Reproductive Services"
YES - by Mellisa ,Overland Veterinary Clinic,6/1/23,Yes,,Unknown,Venice,,2,3,3,,,"Dr. Daniel Lee, Dr. Vallard Forsythe, Dr. Kim Bhuta, Dr. Esmeralda Cano, Dr. Nartash Weerarantne, Dr. Fu-Chi Yu",(424) 228-9929,contact@overlandvetclinic.com,"2237 Colby Ave, Los Angeles, CA 90064",Google Maps Link,2023-06-01,UNKNOWN,,
YES - by Mellisa ,Pacific Animal Clinic,6/1/23_Michele knows Dr.Geist,NO,,Unknown,Venice,,,unkown,unkown,,,"Michele Karron, DVM, Lindsey Gilbert, DVM, Holly Jordan, DVM",(310) 473-4030,"drk@pacificanimalclinic.com, contact@pacificanimalclinic.com","11343 Santa Monica Blvd, Los Angeles, CA 90025",Google Maps Link,2023-06-01,UNKNOWN,,
YES - by Mellisa ,Pacific Palisades Vet Center,6/1/23,YES,,Unknown,Venice,,,unkown,unkown,,,"Dr. Kathy Litochleb, Dr. Holly Jordan, Dr. Cecile Mercado, Daisy Cruise Technician, David Rice Technician, Magen Prado Technician",310.573.7707,hello@palivet.com,"853 Vía De La Paz, Pacific Palisades, CA 90272",Google Maps Link,2023-06-01,UNKNOWN,,
YES - by Mellisa ,Palisades Animal Clinic,"6/17_Spoke to Charlotte and she said that 10 vets have access to this email, I asked for the head vet but she said they all have access- NG
6/1/23",YES,,Unknown,Venice,,,unkown,unkown,,,"Dr. Dana DePerno, Dr. Lisa Newell, Dr. Cecile Mercado",310.454.6503,information@malibuvets.com,"16636 Marquez Ave, Pacific Palisades, CA 90272",Google Maps Link,2023-06-01,UNKNOWN,,
YES - by Mellisa ,Palms and Paws Veterinary Center,2/18/25_LM DVM Visit,Yes,,Unknown,Venice,,2,3,3,,,Dr. Kevin McEvilly,866-725-6729,Hello@palmspawsvet.com,,,,UNKNOWN,,
Visit 3/21,Panorama Pet Hospital ,"2/26/25 - 2/27/25_LM DVM Visit, Manager Tammy Harrison, Referral Packet, 2 dvm, very small, older dvm runs the show, need to speak with him",,,Unknown,"Aetna, SO",,,1,1,,,"Dr. Rashi Gupta DVM, Dr. Suman Prabahakar DVM",818-786 - 4300,panoramapet@gmail.com,"14519 Arminta St. Panorama City, CA 91402",,,GP,,
YES - by Mellisa ,Pasternak Vet Center,3/3/25,Yes,,Unknown,"Venice, Aetna, SO",,1,3,3,,,"Henry Pasternak D.V.M., C.V.A",310.268.2275,info@pasternakvetcenter.com,"2038 S Sepulveda Blvd, West Los Angeles, CA 90025",Google Maps Link,2023-06-01,UNKNOWN,,
,PAW REHAB Pacific Animal Wellness Rehabilitation Center,7/1/25_ GF - love this place met brock and the Vet  Dr. Bak she was VERY nice - want to invote them to come tour with us   ,,,,,,,,,,,Dr. Bak ,818) 847-7299,info@pawrehab.com,"14942 Ventura Blvd, Sherman Oaks, CA 91403",,,,,
YES - by Mellisa ,Paws and Claws Hospital & Mobile Vet,"6/1/23_Materials Dropped, DVM Visited",NO,,Unknown,"Aetna, SO",,,unkown,unkown,,,Dr. Rick Garcia,,pcmvet@gmail.com,,Google Maps Link,2023-06-01,UNKNOWN,,
,Paw Priority Veterinary Urgent Care ,,,,,,,,,8/19/2025,,,,,,,Google Maps Link,,,,
,Peaceful Paws,,,Attended,Unknown,,Dr. Tamera Chan,,,,,,Dr. Tamera Chan,818.850.7297. ,,Mobile Clinic,Google Maps Link,,,,
,Peaceful Pets Aquamation,,,Attended,Unknown,,Dr. MARY JO HOWE,,,,,,,(818) 477-2766,info@peacefulpetsaquamation.com,"19727 Bahama St.
Northridge, CA. 91324",Google Maps Link,,,,
Visit 3/21,Pet Cure Veterinary Center,"3/3/25_LM DVM Visit
2/5/25_LM DVM Visit",,,Unknown,"Aetna, SO",,,2,2,,,"Dr. Amanda Munoz, Dr. Tostado ",818-996-0000,petcurevetreseda@gmail.com,"18205 Sherman Way Reseda, CA 91335",,,SPE,,Orthopedic
,Pet Orphans of Southern California,,,Attended,Unknown,,"Kye Hill
Dasha",,,,,,,(818) 901-0190,info@petorphans.org,"7720 Gloria Ave, Van Nuys, CA 91406",Google Maps Link,,,,
,Pinnacle Veterinary Center,,,,,,,,,,,,Dr. Scott Amsel (Used to work onthe My Pet Truck) ,661.254.2000,pinnaclevet@vetsantaclarita.com,23026 Soledad Canyon Rd Santa Clarita CA 91350,Google Maps Link,,,,
YES - by Mellisa ,Rancho Park Veterinary Clinic,2/18/25_LM DVM Visit,Yes,,Unknown,Venice,,1,1,1,,,Dr. Nicolayevsky Zekaria,310.474.3398,office@ranchoparkveterinaryclinic.com,"10585 W Pico Blvd, LA, 90064",Google Maps Link,2023-06-01,UNKNOWN,,
YES - by Mellisa ,Redondo Shores Veterinary Center,6/1/23,NO,,Unknown,Venice,,,unkown,unkown,,,, (855) 350-7387,info@redondoshoresvet.com,"701 S Pacific Coast Hwy Redondo Beach, CA 90277",Google Maps Link,2023-06-01,UNKNOWN,,
Visit 3/19,San Fernando Pet Hospital,3/17_GF: New clinic - was not added to this spreadsheet but popped up in our referral report ,Yes,,Unknown,"Aetna, SO",,1,1,NEW CLINIC NEVER VISITED! ,,,,(818) 361-8636,info@sanfernandovet.com,"1523 Truman St., San Fernando, CA 91340",Google Maps Link,,,,
YES - by Mellisa ,Santa Monica Pet Medical Center,"3/17/25_GF: HOW was this clinic NOT marked a super clinic?!?!  ____ 6/17_NG_ spoke to CC and she said Dr. Hernandez will be back on June 27th but when they receive an email they print it out and put it on her back- NG 
6/1/23_NG_ Emailed",Yes,,Unknown,Venice,,5,unkown,unkown,,,"Dr. Anthony George, Dr. Camille O'Donnell, Dr. Annie Hernandez, Dr. Katherine Hillebrand, Dr. Todd Schwarzmann, Dr. Courtney Williams, Dr. Susan Greenbaum",(310) 393-8218,recp@petmedical.com,"1534 14th St, Santa Monica, CA 90404",Google Maps Link,2023-06-01,UNKNOWN,,
,Santa Clarita Animal Hospital ,,,,,,,,,,,,Dr. Anh Tran / Dr. Tessa Sures / Dr. Carly Brink ,661-259-7387,svcanimalhospital@gmail.com,"24899 Railroad Ave Santa Clarita, CA 91321 ",Google Maps Link,,,,
YES - by Mellisa ,Sepulveda Animal Hospital,6/1/23 - 2/18/25_LM,YES,,Unknown,Venice,,,1,1,,,"Dr.Claire Guines, Dr Helene Tolliver","424-624-7811
(310) 473-4295",info@sepulvedaanimalhospital.com,"4300 Sepulveda Blvd, Culver City, CA 90230",Google Maps Link,2023-06-01,UNKNOWN,,
YES - by Mellisa ,Serenity Vet Care,6/1/23,NO,,Unknown,"Aetna, Venice, SO",,,unkown,unkown,,,"-Dr. Benjamin Rosnick, Dr. Lindsey Wendt, Mayela Villalobos VT, Dr. Jordan Davis-Powell, Dr. Angela Randall, Euth Services, Dr. Annie Hernandez",,info@serenityvetcare.com,"701 S Pacific Coast Hwy, Redondo Beach, CA 90277",Google Maps Link,2023-06-01,UNKNOWN,,
Visit 3/21,Shadow Hills Pet Clinic,3/17_GF: New clinic - was not added to this spreadsheet ,,,Unknown,"Aetna, SO",,,NEW CLINIC NEVER VISITED! ,NEW CLINIC NEVER VISITED! ,,,,(818) 767-3945,,"11814 Sheldon St, Sun Valley, CA 91352",Google Maps Link,,,,
YES - by Mellisa ,Shane Veterinary Medical Center,"6/1/23, 3/1/22_drop off brochures 2/18/25_LM",Yes,,Unknown,Venice,,1,3,3,,,Dr. Shane,(310) 540-5588,"info@shanevet.com, rstone@shaenvet.com",,Google Maps Link,2023-06-01,UNKNOWN,,
YES - by Mellisa ,Shelter Vet,6/1/23,NO,,Unknown,Venice,,,unkown,unkown,,,,,reception@sheltervetinc.com,"13428 Maxella Ave #770, Marina Del Rey, CA 90292",Google Maps Link,2023-06-01,UNKNOWN,,
Visit 3/19,Sherman Oaks Veterinary Group,"3/17/25_GF: Wasnt even marked as a clinic referring clients and they've referred 3 ____________3/3/25_LM DVM Visit
2/5/25_LMDVM Visit",Yes,,Unknown,"Aetna, SO",,3,3,3,,,"DR. WESTON RICHTER, DR. ANDREA RICHTER, DR. MATT LOCKHARTT, DR. MATTHEW GOSS",818-784-9977,so.vetgroup@yahoo.com,"13624 Moorpark Street, Sherman Oaks, CA 91423",,,SPE,,"Dermatology, Gastrointenstinal Distress, Digital Radiology Ultrasonography, Cardiology, CT Scans"
YES - by Mellisa ,Shiloh Veterinary Hospital ( MOBILE ) ,6/1/23,NO,,Unknown,Venice,,,unkown,unkown,,,, (310) 990-1571,mypet@shilohsvet.com,"4816 Lincoln Blvd, Marina Del Rey, CA 90292",Google Maps Link,2023-06-01,UNKNOWN,,
Visit 3/20 ,Simon Veterinary Surgical,TBD,,Attended,Unknown,"Aetna, SO",Katie,,1,1,,,"Dr. Patricia Simon, DVM, MPH, DACVPM, Dr. Brandon Sherman, DVM, Dr. Robert “Jeff” Mayo
DVM, DABVP, MANZCVSc",310-402-3573,info@simonvetsurgical.com,"14302 Ventura Blvd Sherman Oaks, CA 91423",,,SPE,,"Orthopedic, Soft Tissue, Cold Laser, Platelet-Rich Plasma, Torigen Cancer, Physical Rehabilitation, Tibial Plateau Leveling Osteotomy (TPLO)"
Visit 3/21,Southern California Veterinary Hospital and Animal Skin Clinic,,,,Unknown,"Aetna, SO",,,2,2,,,"Dr. Karen Kelly DVM, ABVP C/F, Dr. Pauline Perry DVM, Dr. Mark C. Rigoni DVM",818-999-1290,"scvh@yourvetdoc.com, jwood-graves@vetcor.com","5421 Topanga Canyon Blvd, Woodland Hills, CA 91367",,,SPE,,Pet Allergy & Dermatology
YES - by Mellisa ,Southpaw Vets,"3/11/25_LM DVM Visit
2/5/25_LM DVM Visit",SUPER CLINIC ,,Unknown,"Aetna, SO",,1,3,3,3/11/25,Michelle - Manager,,818-935-5444,hello@southpawvets.la,"13520 Ventura Blvd. Sherman Oaks, CA 91432",,,GP,,
YES - by Mellisa ,Stewart Veterinary Group,3/6/25_LM,Yes,,Unknown,Venice,,2,1,1,,,Dr. Moller,310-207-0651,info@stewartvet.com,,,,UNKNOWN,,
YES - by Mellisa ,Studio City Animal Hospital,"7/1/25_GF - manager was to busy to come out - left flyers...4/8/25_LM - called to schedule meeting waiting for call back ______3/11/25_LM DVM Visit
9/24/25_DVM Visit, Left with CSR, Referral Packet, Covid protocols still in place, coulnt get inside to chat, left packet and talked to receptionist",SUPER CLINIC ,Attended,Unknown,"Aetna, SO",Christine Cherry ,2,3,3,3/11/25,,"Clyde Pitts, DVM, Robert Fullington, DVM, Hannah Kim, DVM, Mike McClenahan, DVM, Seema Singeetham, DVM, Geoffrey Stein, DVM, Kelley McCrimmon, DVM",818-769-1338,drscah@aol.com  ,"
11800 Ventura Blvd Studio City, CA 91604",,,GP,,
,Sweet Home Veterinary Hospital,,,,,,,,,,,,,(818) 509-2987,"
info@sweethomevets.com","10617 Burbank Boulevard North Hollywood, CA, 91601",,,,,
Visit 3/20 ,Tarzana Pet Clinic,"2/26/25 - 2/27/25_ LM DVM Visit
2/5/25_DVM Visit
9/23/24_Left with CSR, Referral Packet, Possible exotics work, 3 DVM, left packet with Reception, small but busy",,Attended,Unknown,"Aetna, SO","Oliver Parker
Shelby Orland
Gayle grasmehr",,1,1,,,"Dr. Debra Hoffman, Dr. Gayle Grasmehr, Dr. Israel Swann",818-791-0923,tarzanapetclinic@gmail.com,"18452 Burbank Boulevard, Tarzana, CA 91356",,,SPE,,"Internal Medicine, Radiology, Pain Management"
YES - by Mellisa ,The Cat Hospital ,6/1/23_,YES,,Unknown,Venice,,,3,3,,,"Dr. Elston, Dr. Blair",310.305.7297,marina@thecathospital.com,,Google Maps Link,2023-06-01,UNKNOWN,,
YES - by Mellisa ,The Paw Project,6/1/23,NO,,Unknown,Venice,,,unkown,unkown,,,Dr.Conrad,,info@pawproject.org,"Marina Square, 4716B Lincoln Boulevard
Marina del Rey, CA 90292",Google Maps Link,2023-06-01,UNKNOWN,,
Visit 3/20 ,The Pet Doctors of Sherman Oaks,"""6/17_Spoke to Annie and she said to send email addressed to Dr. Joseph Szanto (Founder/Medical Director) and it will get forward to him- NG                                                                                                                                    sent REF to us unolicited.  Spoke with Dr. Pahlavi
6/1/23_Materials Dropped, DVM Visited""
3/3/25_LM DVM Visit",YES,,Unknown,"Aetna, SO",,,3,3,,,"Dr. Joseph D. Szanto, DVM (Owner),  Dr. Alexis Cox, DVM, Dr. Kolleen Nellett, DVM,  Dr. Missy Achenbach, DVM, Dr. Phusita N Davidovich, DVM",818-981-1899,info@thepetdrs.com,"13756 Ventura Blvd Sherman Oaks, CA 91423",,,GP,,
YES - by Mellisa ,The Veterinary Care Center,"6/1/23_Materials dropped, DVM visited",NO,,Unknown,"SO, Aetna, Venice",,,unkown,unkown,,,"Dr. Karen Heard, Dr. Gary Latos, Dr. Robert Goldman, Dr. Christian Amezcua, Dr. Carrie Bagshaw, Dr. Keri Franco, Dr. Christian Paxton, Dr. Yuko Nishiyama, Dr. Alexandra Orenich, Dr. Odeliah Bouganim, Jacqueline Delacruz Head Technician,",310.773.9286,info@veterinarycarecenter.com,"1507 7th St, Santa Monica, CA 90406",Google Maps Link,2023-06-01,UNKNOWN,,
YES - by Mellisa ,The Village Vet,6/1/23,NO,,Unknown,Venice,,,unkown,unkown,,,,310.773.9286,INFO@VILLAGEVETLA.com,"6455 Santa Monica Blvd, Los Angeles, CA 90038",Google Maps Link,2023-06-01,UNKNOWN,,
Visit 3/21,THRIVE Woodland Hills ACCESS Specialty Animals Hospital,"6/1/23_ Open 24 hours for emergencies - Requests: Do you require any marketing materials from us? Do you need to reset your vet portal login? Should we organize a ""lunch and learn"" session for your staff? Please reach out to Dawn Agaiby, our Veterinary Relations Partner, at dagaiby@accessvets.com and let us know how we can assist you.",,,Unknown,"Aetna, SO",,,1,unkown,,,"""Dr. Steve Cole
Dr. Amelia Sinkin
Dr. Hajeong """"Vincent"""" Yoon 
Dr. Christina DeAscentis
Dr. Katrina Jung
Dr. Cecilia Kong
Dr. Jaclyn Lai
Dr. Patricia Paravicini
Dr. Ashley Pearson
Dr. Elana Hadar
Dr. Julie Egnor
Dr. Chrystal Nguyen
Dr. Yonathan Buks, Dr. Lindsey Woody, Dr. Jenelle Serex""",818-887-2262,"dagaiby@accessvets.com, sfv.reception@accessvets.com","20051 Ventura Blvd D, Woodland Hills, CA 91364",Google Maps Link,,SPE,,"Emergency Care, Critical Care, Cardiology, Internal Medicine, Neurology, Urgent Advanced Surgery, Veterinary Orthopedics, CrCL Surgery (Cranial Cruciate Ligament), TPLO Surgery (Tibial Plateau Leveling Osteotomy, End-of-Life Care, In-Home Euthansia"
Visit 3/21,Topanga Veterinary Clinic,"2/26/25 - 2/27/25_LM DVM Visit
10/16/24_DVM Visit, Viktoriia - Manager, referral packet, small, weird hours, family run, low priority for now",,,Unknown,"Aetna, SO",,,1,1,,,Dr. Gurmani,818-280-3530,topangaveterinaryclinic@gmail.com,"21913 Devonshire St, Chatsworth, CA 91311",,,GP,,
Visit 3/19,Townsgate Pet Hospital,3/17_GF: New clinic - was not added to this spreadsheet but popped up in our referral report ,Yes,,,"Aetna, SO",,1,1,NEW CLINIC NEVER VISITED! ,,,Jashmid Kiumarrsi ,(805) 230-1999,info@townsgatepethospital.com,"2806 Townsgate Road Suite C, Westlake Village, CA 91361",,,,,
,,,,,,,,,,,,,,,,,Google Maps Link,,,,
Visit 3/19,TrueCare for Pets,"3/14/25_ GF: Emailed DVM open house invite directly to dr______3/5/25,  2/5/25, 6/1/23, ",YES,Attended,Unknown,"Aetna, SO",Dr. Emilie Chaplow,,3,3,,,"Dr. Natalia Soto
Dr. Emilie Chaplow
Dr. Maya Lottati
Dr. Lauren Quarterman
Dr. Jessica Beymer
Dr. Morgan Cavanaugh
Dr. Wendy Chen
Dr. Elizabeth Craig
Dr. Karian de Anda
Dr. Cris Fontes
Dr. Karen Koo
Dr. Lindsey Louderback
Dr. Peter Norfeldt
Dr. Cindy Sibrian 
Dr. Amanda Tallant
Dr. Juli White
Dr. Angel Wu",818-760-3882,info.losangeles@bluepearlvet.com ,"11730 Ventura Blvd, Los Angeles, CA 91604",Google Maps Link,,SPE,,
YES - by Mellisa ,Two Hand Four Paws,6/1/23_called,High Potential,,Unknown,Venice,,,1,1,,,"DR. MICHELLE FULLER, DR. JANE KELLY, DR. ROXANNE LEBRUN",(323) 919-6666,info@twohandsfourpaws.com,"2240 Federal Ave, Los Angeles, CA 90064",Google Maps Link,2023-06-01,UNKNOWN,,
Visit 3/21,Value Vet Canoga Park,"2/26/25 - 2/27/25_LM DVM Visit, left with CSR, Referral Packet, 3 locations, on in Westwood too, left packet with Reception, no one available",,,Unknown,"Aetna, SO",,,1,1,,,"Dr. Shura Bugreeff, Dr. Oh",818-592-0092,canogapark@myvaluevet.com,"21724 Sherman Way, Canoga Park, CA 91303, USA​",,,GP,,
YES - by Mellisa ,Value Vet Westwood,6/1/23,YES,,Unknown,Venice,,,1,1,,,Dr. Jeff Weber,310.446.3908,westwood@myvaluevet.com,"1278 Westwood Blvd, Los Angeles, CA 90024",Google Maps Link,2023-06-01,UNKNOWN,,
YES - by Mellisa ,Van Nuys Veterinary Clinic        ,"3/11/25_LM ___2/5/25_DVM Visit 
9/12/24_DVM Visit at 10am, Manager Stephanie, Referral Packet Version 1, Good for Geist visit, sends lots to SO already, make ppt with Dr. Oh, very supportive",SUPER CLINIC ,,Unknown,"Aetna, SO",,12,3,"3/11/25, 2/2/25, 9/12/24",3/11/25,Dr. O,Dr. Oh,818-453-8789,vannuysvetclinic@gmail.com,"7215 Van Nuys Blvd, Van Nuys, CA",,,GP,,
,VCA A Breed Apart,,,Attended,Unknown,,Christina Stepanian,,,,,,"Dr. Maryam Alemzadeh,
Dr. Andrea Allsup, 
Dr. Hajji Hajar,
Dr. Diana Kobashigawa-Maruna; Medical Director,
Dr. Lilit Oganessian
Dr. Darren Yang",626-795-4444,stepanian.christina@gmail.com,"777 S. Arroyo Parkway, Suite 106
Pasadena, CA 91105",Google Maps Link,,,,
Visit 3/21,VCA Adler Animal Hospital,7/1/25_ GF - Met sheila the clinic mangaer very kind - Dr. adler was out took postcards nad biz crrds ----  2/26/25 - 2/27/25_LM DVM Visit,,,Unknown,"Aetna, SO",,,1,1,,,"Dr. Craig Adler DVM, Dr. Kari Camelio, Dr. Maryssa Cha DVM, Dr. Lorie Kiss, Dr. Rogelio Pena DVM", 818-893-6366,au861@vca.com,"16911 Roscoe Blvd. North Hills, CA 91343",,,SPE,,"Dermatology, Diagnostic Imaging, Digital Radiology, EKG, OFA X-Ray, Soft Tissue Surgery, Ultrasound, ZooMED Animal Care"
Visit 3/19,VCA Animal Medical Center,"2/5/25_LM DVM Visit
9/12/24_DVM Visit at 11am, Hospital Manager Stehpanie Gonzalez - 818.786.1651, Referral Packet, Bigger than it looks, not exclusive VCA network, excited for us to open, old school clinic and team, most have been there forever, pre-vca employee base.  They do GP, UC, Soft Tissue, XRay, Dentistry. But not complex, VERY concerned with Local community kind of people",YES,,Unknown,"Aetna, SO",,,2,2,,"Stephanie, Manager","Dr. Andy Gevshenian DVM, Dr. Christine Khanbabian DVM, Dr. Amit Lancet DVM, Dr. Lloyd Pilch DVM, Dr. Svenja Viete: MANAGER - Stephanie Gonzalez",818-786-1651,"Au1108@vca.com, vcaamcsocal@vca.com, vcaamcvannuys@vca.com","14931 Oxnard Street Van Nuys, CA 91411",,,GP,,"Dermatology, Diagnostic Imaging, Digital Radiology, EKG, OFA X-Ray, Soft Tissue Surgery, Ultrasound, Dentistry - complex cases, CT, Overnight Nursnig, Complex soft tissue, IM"
YES - by Mellisa ,VCA Animal Medical Center of Southern California,6/1/23,YES,,Unknown,Venice,,,unkown,unkown,,,,(310) 575-5656,"vcaamcsocal@vca.com, Alan.Schulma@vca.com, Jenny.Youngblood@vca.com, William.Husky@vca.com","2340 S Sepulveda Blvd, Los Angeles, CA 90064",Google Maps Link,2023-06-01,UNKNOWN,,
VISIT FOR 3/18,VCA Animal Specialty Group,"3/18/25_LM_Visit ____6/1/23_ emailed & materials dropped , DVM visited",Yes,,Unknown,"Aetna, SO",,2,2,"3/18/25, 6/1/23",,"Dr. Vaneh Allahverdi
Dr. Kyla Alvarez
Dr. Andreas Andreou
Dr. Heather Baydian
Dr. Morgan Biggo
Dr. Rikki Boswell
Dr. Emily Chapel 
Dr. Emily Coddon
Dr. Mickila Collins
Dr. Emma Davey
Dr. Nicole DeNezzo
Dr. Yelena George
Dr. Max Gluck
Dr. Michael Huber
Dr. Kate Kim (Resident)
Dr. Martin Kwan
Dr. Josha Laske
Dr. Olga Maderich
Dr. Libby Mannucci
Dr. Emi Ohashi 
Dr. Bonnie Oliphant
Dr. Charlotte Pfund
Dr. Rhonda Schulman
Dr. Dana Sengewald
Dr. Christina Thompson
Dr. Kirk Wendelburg
Dr. Ayako Zabalaga
Dr. Katie Shanley","Dr. Vaneh Allahverdi DVM, Dr. Kyla Alvarez DVM, Dr. Andreas Andreou DVM, Dr. Heather Baydian DVM, Dr. Morgan Biggo DVM, DACVS, Dr. Rikki Boswell DVM, Dr. Emily Chapel DVM, MS, DACVIM, Dr. Emily Coddon DVM, Dr. Mickila Collins DVM, DACVIM, Dr. Nicole DeNezzo DVM, Dr. Yelena Geourge DVM, Dr. Max Gluck DVM, Dr. Michael Huber DVM, MS, DACVS, Dr. Kate Kim DVM, Dr. Martin.Kwan DVM, Dr. Joshua.Laske DVM, Dr. Olga Maderich DVM, Dr. Libby Mannucci DVM, DACVECC, Dr. Emi Ohashi DVM, PhD, DACVIM, Dr. Bonnie Oliphant DVM, DACVIM, Dr. Charlotte Pfund DVM, Dr. Rhonda Schulman DVM, DACVIM, Dana Sengewald DVM, DACVIM, Dr. Katie Shanley, Dr. Christina.Thompson DVM, Dr. Kirk Wendelburg DVM, DACVS, ACVS, Dr. Ayako Zabalaga DVM",818-244-7977,"Andreas.Andreou@vca.com, Trista.Cheng@vca.com, Emily.Coddon@vca.com, Mickila.Collins@vca.com, Nicole.DeNezzo@vca.com, Christelle.Follette@vca.com, Yelena.George@vca.com, Max.Gluck@vca.com, Michael.Huber@vca.com, Marcy.Kanuka@vca.com, Kasey.Kensington@vca.com, Martin.Kwan@vca.com, Joshua.Laske@vca.com, Emi.Ohashi@vca.com, Bonnie.Oliphant@vca.com, Rhonda.Schulman@vca.com, Dana.Sengewald@vca.com, Katie.Shanley@vca.com, Stacey.Sullivan@vca.com, Christina.Thompson@vca.com,","4641 Colorado Blvd., Glendale, CA 90039",Google Maps Link,,SPE,,"Cardiology, Emergency & Critical Care, Internal Medicine, Neurology, Oncology, Surgery"
Visit 3/21,VCA Chatoak Pet Clinic,"2/26/25 - 2/27/25, 8/4/22_Dr. Geist sent email to all doctors",,,Unknown,"Aetna, SO",,,1,1,,,"Dr. Senta Belding DVM, Dr. Cynthia Binder DVM, Dr. Rebecca Florio DVM, Dr. Brett Gouldburn DVM, Dr. Linda Jackson DVM, Dr. Allison More DVM, Dr. Donald Morshead DVM, Dr. Smitha Srinath DVM",818-363-7444,"Senta.Belding@vca.com, Cynthia.Binder@vca.com, Rebecca.Florio@vca.com, vcachatoak@vca.comDonald.Morshead@vca.com, Smitha.Srinath@vca.com","17659 Chatsworth St, Granada Hills, CA 91344",Google Maps Link,,SPE,,"Bone and Joint Surgery, Cardiology, Chemotherapy, Cold Laser Therapy, Dermatology, Diagnostic Imaging, Digital Radiology, EKG, Laparoscopy, Laser, Surgery, OFA X-Ray, Oncology, Ophthalmology, Orthopedic Surgery, Soft Tissue Surgery, Stem Cell Therapy, Tonopen, Chinese Herbal Medicine, Herbal Medicine, Holistic Medicine, Pet Counseling"
YES - by Gladys ,VCA Marina Bay Cities Animal Hospital,3/1/22_MG_ and drop off brochure- met with Dr. McEvilly (MRG),Yes,,Unknown,Venice,,4,unkown,unkown,,,,310.306.8707,"AU153@vcahospitals.com, (Medical Director) Steven.Thatcher@vca.com, mary.brandt@vca.com, jeffrey.eliot@vca.com, nina.mahoney@vca.com, elaine.martinez@vca.com, sandra.milo@vca.com, adele.thornbury@vca.com","2506 Lincoln Blvd, Venice 90291",Google Maps Link,2023-06-01,UNKNOWN,,
Visit 3/20 ,VCA McClave Veterinary Hospital,"2/26/25 - 2/27/25_LM
10/28/24_Referral Packet, DVM Visit",Yes,,Unknown,"Aetna, SO",,1,1,1,,,"Dr. Michelle Juan DVM, Dr. Nada Khalaf DVM, Dr. Vivia Liang DVM, Dr. Hughes Sanders DVM, Dr. Greg Sauer DVM ",818-881-5102,"Michelle.Juan@vca.com, Nada.Khalaf@vca.com, Hughes.Sanders@vca.com
Senta.Hutchinson@vca.com, Nada.Khalaf@vca.com, Lori.Prater@vca.com, Maegha.Singh@vca.com, au747@vca.com","6950 Reseda Blvd., Reseda, CA 91335",,,SPE,,"Cardiology, Digital Radiology, OFA X Ray, Ophthalmology, Soft Tissue Surgery, Tonopen, Ultrasound, Emergency Care"
YES - by Mellisa ,VCA Miller-Robertson,"5/19/23_Emailed, called",SUPER CLINIC ,,Unknown,"SO, Aetna, Venice",,3,3,3,3/11/25,,,310.657.7050,"Mark.nunez@vca.com, Lisa.Lomond@vca.com, Emily.Torres@vca.com, Alexis.Traylor@vca.com","8807 Melrose Ave, LA, 90069",Google Maps Link,2023-05-19,UNKNOWN,,
Visit 3/21,VCA Parkwood Animal Hospital,2/26/25 - 2/27/25_LM DVM Visit,,,Unknown,"Aetna, SO",,,1,1,,,"Dr. Helene Dewynter DVM, Dr. Sean Herbeck, Dr. Sheeba Thomas",818-884-5506,au124@vca.com,"6330 Fallbrook Avenue, Woodland Hills, CA 91367",,,SPE,,"EKG
OFA X Ray
Orthopedic Surgery
Soft Tissue Surgery
Tonopen
Ultrasound"
YES - by Mellisa ,VCA Santa Monica Dog and Cat Hospital,"3/1/22_MG_ Visit, gave brochures; met with Dr. Gina Johnson and Dr. Gina Furman (MRG)",Yes,,Unknown,Venice,,4,1,1,,,"Dr. Gina Johnson, Nancy Nobles, Monique Washington",310.453.5459,"Gina.Johnson@vca.com, Nancy.Nobles@vca.com, Monique.Washington@vca.com","2010 Broadway., Santa Monica CA, 90404",Google Maps Link,2023-06-01,UNKNOWN,,
VISIT FOR 3/18,VCA TLC Animal Hospital,6/1/23,Yes,,Unknown,"Venice, Aetna, SO",,1,unkown,unkown,,,"Dr.Gong, Dr Eliza Yashari",310.859.4852,"ian.hannigan@vca.com, adora.min@vca.com, linda.shim@gmail.com, daisy.tigler@vca.com, eliza.yashari@vca.com","8725 Santa Monica Blvd, WHollywood CA 90069",Google Maps Link,2023-06-01,UNKNOWN,,
YES - by Mellisa ,VCA Venture Animal Hospital,"5/19/23_Emailed, Called",Yes,,Unknown,Venice,,1,1,1,,,Dr.Jeff Werber / ,310.559.2500,"VETS: Anat.Elkayam@vca.com, Claire.SophieGuinez@vca.com, Danielle.Pickering@vca.com, Michael.Snyder@vca.com, Kellen.Flanigan@vca.com, 
TECHS and ASSISTS   Araceli.Aguila@vca.com, Rickee.Alexander-Darius@vca.com, Israel.Castellanos@vca.com, Ashley.Chavez@vca.com, Selena.Accardi@vca.com","8750 Venice Blvd, LA, 90034",Google Maps Link,2023-05-19,UNKNOWN,,
Visit 3/21,VCA Veterinary Specialists of the Valley,"6/1/23_ Open 24/7 for Emergencies, emailed ",YES,,Unknown,"Aetna, SO",,,2,2,,,"Dr. Yazdan Aryazand 
Dr. Melissa Cespedes 
Dr. Pierce Chan
Dr. John Chretin (Medical Director)
Dr. Marilena Constantinou
Dr. Lisa Gerlach
Dr. Brittany Harris 
Dr. Lisa Hernandez
Dr. Senta Hutchinson
Dr. Mark Jeon
Dr. Yin Wa Brontie Kong
Dr. Joanne Shinozaki
Dr. Ashlei Tinsley
Dr. Whitney Topmiller
Dr. Vanessa Tse
Dr. Jacqueline TungDr. Nicola Volstad",818-883-8387,"Melissa.Céspedes@vca.com, Pierce.Chan@vca.com, John.Chretin@vca.com, Sara.Crespo-Szabo@vca.com, Lisa.Gerlach@vca.com, YinWaBrontie.Kong@vca.com, Brittany. Harris@vca.com, Brittany.Harris@vca.com, Omar.Khalaf@vca.com, John.Chretin@vca.com, Denitza.Kakacheva@vca.com, Sara.Crespo-Szabo@vca.com, Peggy.McMahon@vca.com, Caroline.Sloan@vca.com, Vanessa.Tse@vca.com, Vsvim@vca.com, tom.gal@vca.com","22123, Ventura Blvd Woodland Hills, CA 91364",Google Maps Link,,SPE,,"Anesthesiology, Cardiology, Counseling, Diagnostic Imaging, Emergency & Critical Care, Internal Medicine, Interventional Radiology, Neurology, Oncology"
YES - by Gladys ,VCA West L.A. Animal Hospital,6/1/2023 3/11/25,SUPER CLINIC ,Attended,Unknown,Venice,"Marelyn  Ventura,
Michelli Chai",6,3,3,3/11/25,,"Marlon Monge (Referral Coordinator)- Dr. Nairi Abedi 
Dr. Justin Allen
Dr. Samantha Bajorek
Dr. Kirstie Barrett
Dr. Gabrielle Carter
Dr. Caroline Choi
Dr. Claudia Davila
Dr. Megan Doan (Resident)
Dr. Caitlin Doran
Dr. Leah Gabriel
Dr. Jennifer Hall
Dr. Victoria Hare
Dr. Traci Hayward 
Dr. Brittany Hyde
Dr. Benjamin Jasper
Dr. Celin Kermanian
Dr. Jayden Li (Resident)
Dr. Tyler Lovell
Dr. Mike Mallard
Dr. Connie Martin
Dr. Joseph Masciana
Dr. Maureen Mueller (Assistant Medical Director)
Dr. Lena Ngo (Resident)
Dr. Sarah Nugen (Resident)
Dr. Christine Owen
Dr. Mark Parlier (Resident)
Dr. Kevin Phipps
Dr. Leah Pomerantz
Dr. Jessica Robertson
Dr. Desiree Rosselli
Dr. Veronique Sammut (Medical Director)
Dr. Amanda Seelman
Dr. Margarent Smith
Dr. Brittney Stanton
Dr. An To
Dr. Becca Walton
Dr. Jordan Cole
Dr. William Farber
Dr. Jessica Guirl
Dr. Elion Kaplan
Dr. Devon Otero
Dr. Jason Rabe
Dr. Lisa Silberstein",310-473-2951,"au101@vca.com
eliot.kaplan@vca.com","1818 South Sepulveda Blvd., Los Angeles, CA 90025",Google Maps Link,,UNKNOWN,,
YES - by Mellisa ,VCA Wilshire,"6/1/23_Materials Dropped, DVM Visited",YES,,Unknown,Venice,,,1,1,,,Dr. Lavac,310.828.45887,"(Medical director) Frank.Lavac@vca.com, Jessica.baron@vca.com, Peter.castro@vca.com","2421 Wilshire Blvd, Santa Monica, CA 90403",Google Maps Link,2023-06-01,UNKNOWN,,
NOT YET ,VEG Veterinary Emergency Group ,3/17_GF_ New clinic added to thsi sheet HOW WAS THIS NOT was not added to this spreadsheet ???- Sent email invite directly to Dr. Yahshair ,Yes,,Unknown,Venice,,1,NEW CLINIC NEVER VISITED! ,NEW CLINIC NEVER VISITED! ,,,Dr. Jonathan Yashari,424.538-.876,"jonathanyashari@veg.veri
jonathanyashari@veg.vet","2700 Wilshire Boulevard, Santa Monica, CA, USA",Google Maps Link,,,,
,VEG Santa Clarita ,,,,,,,,,,,,Dr. Chris Wong / Dr. Nairi Abedi / Dr. Jamil Dowling / Dr. Ana Costa / Dr. Ashton Townsley ,661-509-3115,,"25820 The Old Rd H, Stevenson Ranch, CA 91381",Google Maps Link,,,,
Visit 3/21,Vet Care Animal Center ,3/17_GF: New clinic - was not added to this spreadsheet ,,,Unknown,"Aetna, SO",,,NEW CLINIC NEVER VISITED! ,NEW CLINIC NEVER VISITED! ,,,,(818) 364-1544,,"13815 Sayre St Sylmar, CA 91342",Google Maps Link,,,,
Visit 3/20 ,Veterinary Medical Center ,3/17_GF: New clinic - was not added to this spreadsheet ,,,,,,,3,NEW CLINIC NEVER VISITED! ,,,Dr. Kiarash Safatian,(818) 232-5718,,"11723 Ventura Blvd Studio City, CA 91604",Google Maps Link,,,,
YES - by Mellisa ,Veterinary Skin and Ear,6/1/23,High Potential,,Unknown,Venice,,,unkown,unkown,,,"Dr. Austin Richman, Anna Satorious, Dr. Brittany Lancellotti, Dr. William Byun, Dr. Megan Boyd",310.855.3499,info@vetskinear.com,"11335 Santa Monica Blvd, Los Angeles, CA 90025",Google Maps Link,2023-06-01,UNKNOWN,,
,VIP Veterinary Services (NO WEBSITE) ,,,,,,,,,,,,Dr. Pedro Cisneros / Dr. Lauralyn Rpberts / Dr. Jacqueline Menger ,661-222-7387 ,pcisnerosl@socal.rr.com,,Google Maps Link,,,,
Visit 3/21,Warner Center Pet Clinic,"10/4_DVM Visit, Dr. Debra Jackson, Referral Packet, very very small, probably not a busy enough place for ref/2/26/25 - 2/27/25_LM",,,Unknown,"Aetna, SO",,,2,1,,,"Dr. Debra Jackson, DVM",818-710-8528,epetwcpc@yahoo.com,"20930 Victory Blvd, Woodland Hills, CA 91367",,,GP,,
YES - by Mellisa ,West Hollywood Animal Hospital,"5/19/23_Spoke to Ruby, very interested in a call and will email now letter for job opportunities- NG  (sent email)",NO,,Unknown,Venice,,,unkown,unkown,,,Dr. Monica Revel,310.275.0055,info@wh-ah.com,"9000 N Santa monica Blvd, Wwst Hollywood, 90069",Google Maps Link,2023-05-19,UNKNOWN,,
YES - by Mellisa ,West LA Vet Group,6/1/23,YES,,Unknown,Venice,,,unkown,unkown,,,Dr. Hsiang-ling Chang,310.478.5915,info@wlavg.com,"10749 W Pico Blvd, Los Angeles, CA 90064",Google Maps Link,2023-06-01,UNKNOWN,,
,West Valley Pet Clinic,"6/25/25_ GF- Roberston, Gladys & Dre visited and Dr Berens came out and was very happy to see Dr.R was asking her a million questions - needed medical info/ advice ",,Attended,Unknown,,Dr. Janet Berens ,,"6/25/26 _ DrRoberston,Gladys ,Dre",,,,Dr. Janet Berens,(818)225-7160,"reception@westvalleypetclinic.com, anessep@westsidepetclinic.com","22430 Ventura Blvd, Woodland Hills, CA 91364",Google Maps Link,,,,
YES - by Mellisa ,Westchester Veterinary Center & Cat Clinic,6/1/23_Emailed,High Potential,,Unknown,Venice,,,unkown,unkown,,,"Dr. Andrew Krieger, Dr. Sabrina Keigley, Dr. Tyler Carnahan, Dr. Benjamin Glicklin, Victor Cervantes, RVT, Jennifer Lawrence, RVT, BobbiJo Katagiri, Veterinary Assistant, David Cooper, Veterinary Assistant",310.645.4444,info@westchestervet.com,"8911 S Sepulveda Blvd, Los Angeles, CA 90045",Google Maps Link,2023-06-01,UNKNOWN,,
Visit 3/20 ,WesternU Spay and Neuter ,"11/7/24_DVM Visit, Ada Leung, RVT, closed, dropped off, Referral Packet",,Attended,Unknown,"Aetna, SO",John Tegzes,,1,1,,,"David Forster, DVM",818-510-0197,spayneuterev@westernu.edu,"14409 Vanowen St, Van Nuys, CA 91411",,,GP,,
YES - by Mellisa ,Westside Pet Clinic ,2/18/25_DVM Visit,NO,,Unknown,Venice,,,3,3,,,"Dena Teach (Owner) Dr.Gary Adams- Dr. Gary Adams, Ino Cheng, RVT, Edgar ""Tony"" Pineda,Veterinary Technician,",310-451-7425,info@westsidepetclinic.com,"1304 Wilshire Blvd, Santa Monica, CA 90403",Google Maps Link,2023-06-01,UNKNOWN,,
Visit 3/21,Winnetka Animal Clinic,"9/17/24_DVM Visit, Marc Smollin - Manager, Referral Packet, Covid protocols still in place, coulnt get inside to chat, left packet and talked tomanager for 3 minutes, good for follow up appt when more availability 2/26/25 - 2/27/25",,,Unknown,"Aetna, SO",,,1,1,,,"Richard Smollin, DVM (Owner), Seung Lee, DVM",818-341-8373,info@winnetkaanimalclinic.com,PET,,,GP,,
,,,,,,,,,,,,,,,,,Google Maps Link,,,,
,,,,,,,,,,,,,,,,,,,,,
,,,,,,,,,,,,,,,,,Google Maps Link,,,,
,,,,,,,,,,,,,,,,,Google Maps Link,,,,
,,,,,,,,,,,,,,,,,Google Maps Link,,,,