7,,,,,,,,,,,,,Internal Medicine - Script,,,,Cardiology,,,,Dentistry,,,,Other,,
Location,Group,Business Name,Contact,Phone #,Address,email address,NG sent email with hiring letter,last con date,last con person,Note,Partner Status,Emailed,Called,Materials Dropped,DVM VISTED 1,Emailed,Called,Materials Dropped,DVM VISTED 1,Emailed,Called,Materials Dropped,DVM VISTED 1,Emailed,Called,Materials Dropped,DVM VISTED 1
BH/WHollywood,VCA,VCA Venture Animal Hospital,,310.559.2500,"8750 Venice Blvd, LA, 90034","VETS: Anat.Elkayam@vca.com, Claire.SophieGuinez@vca.com, Danielle.Pickering@vca.com, Michael.Snyder@vca.com, Kellen.Flanigan@vca.com, 

TECHS and ASSISTS   Araceli.Aguila@vca.com, Rickee.Alexander-Darius@vca.com, Israel.Castellanos@vca.com, Ashley.Chavez@vca.com, Teri.Chiota@vca.com, Selena.Accardi@vca.com","11/7/2022, 12/9, 1/3/2023,",5/19/2023,,,FALSE,TRUE,TRUE,FALSE,FALSE,FALSE,FALSE,FALSE,FALSE,FALSE,FALSE,FALSE,FALSE,FALSE,FALSE,FALSE,FALSE
BH/WHollywood,VCA,VCA Miller-Robertson,,310.657.7050,"8807 Melrose Ave, LA, 90069","(Medical Director) Mark.nunez@vca.com, Lisa.Lomond@vca.com, Emily.Torres@vca.com, Alexis.Traylor@vca.com",11/7,5/19/2023,,,FALSE,TRUE,TRUE,FALSE,FALSE,FALSE,FALSE,FALSE,FALSE,FALSE,FALSE,FALSE,FALSE,FALSE,FALSE,FALSE,FALSE
BH/WHollywood,,Beverly Hills Small Animal Hospital,John Winters,310.276.7113,"353 Foothill Dr, Bevely Hill, 90210",bhsah.pets@gmail.com,11/7,5/19/2023,NG,"Spoke to Letty on 4/13 and she said Dr. Winters is the one to contact and his email is:  bhsah.pets@gmail.com, explained about our Internal Medicine Services and he would love for us to email him for Dr. Geist to stop by- NG (email sent)",FALSE,TRUE,TRUE,FALSE,FALSE,FALSE,FALSE,FALSE,FALSE,FALSE,FALSE,FALSE,FALSE,FALSE,FALSE,FALSE,FALSE
BH/WHollywood,,Beverly Pet Clinic,Dr. Woo,323.378.5402,"4655 Beverly Blvd, LA 90004",info.beverlypetclinic@gmail.com,11/7,5/19/2023,,"Spoke to Gabby, Dr. Woo is contact person and she left to Korea and will be back April 25th but said to email her at: info.beverlypetclinic@gmail.com and she will response back to us when she is back.- NG (email sent)",FALSE,TRUE,TRUE,FALSE,FALSE,FALSE,FALSE,FALSE,FALSE,FALSE,FALSE,FALSE,FALSE,FALSE,FALSE,FALSE,FALSE
BH/WHollywood,,Beverly Robertson Vet Clinic,Dr. Nassi,310.464.0264,"1800 S Robertson Blvd, LA 90035",info@beverlyrobertsonvet.com,11/7,5/19/2023,,"Spoke to Ruby, gave me email that all Vets can see so a good thing to send for Vets to join us also- NG (sent email)",FALSE,TRUE,FALSE,FALSE,FALSE,FALSE,FALSE,FALSE,FALSE,FALSE,FALSE,FALSE,FALSE,FALSE,FALSE,FALSE,FALSE
BH/WHollywood,,MASH- Metropolitan Animal Specialty Hospital,,323.238.9295,"6565 Santa Monica Blvd, LA, 90038",reception@mash.vet,"11/7/2022, 12/9",5/19/2023,,Spoke to Allison- NG (sent email),FALSE,FALSE,FALSE,FALSE,FALSE,FALSE,FALSE,FALSE,FALSE,FALSE,FALSE,FALSE,FALSE,FALSE,FALSE,FALSE,FALSE
BH/WHollywood,,West Hollywood Animal Hospital,Dr. Monica Revel,310.275.0055,"9000 N Santa monica Blvd, Wwst Hollywood, 90069",info@wh-ah.com,11/7,5/19/2023,,"Spoke to Ruby, very interested in a call and will email now letter for job opportunities- NG  (sent email)",FALSE,TRUE,TRUE,FALSE,FALSE,FALSE,FALSE,FALSE,FALSE,FALSE,FALSE,FALSE,FALSE,FALSE,FALSE,FALSE,FALSE
Culver/MidCity,,Center-Sanai Animal Hospital,Dr. Barry Baum,310.559.3770,"10737 Venice Blvd, LA, 90034",info@centersinaianimalhospital.com,11/7,6/1/2023,,,FALSE,FALSE,FALSE,FALSE,FALSE,FALSE,FALSE,FALSE,FALSE,FALSE,FALSE,FALSE,FALSE,FALSE,FALSE,FALSE,FALSE
Culver/MidCity,,Culver City Animal Hospital,,310.836.4551,"5830 Washington Blvd, Culver City, 90232",culvercityanimalhospital5830@gmail.com,11/7,6/1/2023,,,FALSE,TRUE,FALSE,FALSE,FALSE,FALSE,FALSE,FALSE,FALSE,FALSE,FALSE,FALSE,FALSE,FALSE,FALSE,FALSE,FALSE
Culver/MidCity,,Rancho Park Veterinary Clinic,Dr. Jeffrey Marks,310.474.3398,"10585 W Pico Blvd, LA, 90064",office@ranchoparkveterinaryclinic.com,11/7,6/1/2023,,,FALSE,FALSE,FALSE,FALSE,FALSE,FALSE,FALSE,FALSE,FALSE,FALSE,FALSE,FALSE,FALSE,FALSE,FALSE,FALSE,FALSE
Culver/MidCity,,Centinela Animal Hospital,,(310) 673-1910,"721 Centinela Ave, Inglewood, CA 90302",centinela.animal@gmail.com,11/7,6/1/2023,,,FALSE,FALSE,FALSE,FALSE,FALSE,FALSE,FALSE,FALSE,FALSE,FALSE,FALSE,FALSE,FALSE,FALSE,FALSE,FALSE,FALSE
Hwood/East LA,,Hollywood Cat & Dog Hospital,Dr. Girgis,(323) 469-3000,"1146 N La Brea Ave, West Hollywood, CA 90038",Wehovets@gmail.com,11/7,6/1/2023,,"6/17- spoke to Andy and only one vet, Dr. Girgis and said to address email to him and he will get it- NG",FALSE,TRUE,FALSE,FALSE,FALSE,FALSE,FALSE,FALSE,FALSE,FALSE,FALSE,FALSE,FALSE,FALSE,FALSE,FALSE,FALSE
Independent,,"Annie Hernandez, DVM/ Santa Monica Pet Medical Center","Dr. Anthony George, Dr. Camille O'Donnell, Dr. Annie Hernandez, Dr. Katherine Hillebrand, Dr. Todd Schwarzmann, Dr. Courtney Williams, Dr. Susan Greenbaum",(310) 393-8218,"1534 14th St, Santa Monica, CA 90404",recp@petmedical.com,11/7,6/1/2023,,6/17- spoke to CC and she said Dr. Hernandez will be back on June 27th but when they receive an email they print it out and put it on her back- NG,FALSE,FALSE,FALSE,FALSE,FALSE,FALSE,FALSE,FALSE,FALSE,FALSE,FALSE,FALSE,FALSE,FALSE,FALSE,FALSE,FALSE
Independent,,"Benjamin Rosnick, DVM",,(424) 270-9006,makes HC in LA and Long Beach areas,"benjamin.rosnick@drrosnick.com
",11/7,6/1/2023,,,FALSE,TRUE,FALSE,FALSE,FALSE,FALSE,FALSE,FALSE,FALSE,FALSE,FALSE,FALSE,FALSE,FALSE,FALSE,FALSE,FALSE
Independent,,Dr. May Vet House Calls,Dr. Armaiti May,310.614.3530,Serving Malibu and Surrounding Areas,,11/7,6/1/2023,,,FALSE,FALSE,FALSE,FALSE,FALSE,FALSE,FALSE,FALSE,FALSE,FALSE,FALSE,FALSE,FALSE,FALSE,FALSE,FALSE,FALSE
Independent,,"Frank Lavac, DVM",,310.828.4587,VCA Wilshire Animal Hospital,Frank.lavac@vac.com,11/7,6/1/2023,,,FALSE,FALSE,FALSE,FALSE,FALSE,FALSE,FALSE,FALSE,FALSE,FALSE,FALSE,FALSE,FALSE,FALSE,FALSE,FALSE,FALSE
Malibu,,Malibu Coast Animal Hospital,Dr. Dean Graulich,424.402.5100,"23431 Pacific Coast Highway, Malibu",,11/7,6/1/2023,,,FALSE,FALSE,FALSE,FALSE,FALSE,FALSE,FALSE,FALSE,FALSE,FALSE,FALSE,FALSE,FALSE,FALSE,FALSE,FALSE,FALSE
Marina/Venice/LAX,VCA,VCA Marina,,310.306.8707,"2506 Lincoln Blvd, Venice 90291","AU153@vcahospitals.com, (Medical Director) Steven.Thatcher@vca.com, mary.brandt@vca.com, jeffrey.eliot@vca.com, nina.mahoney@vca.com, elaine.martinez@vca.com, kevin.mcevilly@vca.com, sandra.milo@vca.com, adele.thornbury@vca.com",11/7,6/1/2023,,visit on 3/1/22 and drop off brochure- met with Dr. McEvilly (MRG),FALSE,TRUE,FALSE,TRUE,TRUE,FALSE,FALSE,FALSE,FALSE,FALSE,FALSE,FALSE,FALSE,FALSE,FALSE,FALSE,FALSE
Marina/Venice/LAX,,Marina Veterinary Center,"Dr. Jarrod Moss, Dr. Karen Halligan",310.642.8080,"8421 Lincoln Blvd, Los Angeles, CA 90045",INFO@MARINAVET.COM,11/7,6/1/2023,3---9-,,FALSE,TRUE,FALSE,FALSE,FALSE,FALSE,FALSE,FALSE,FALSE,FALSE,FALSE,FALSE,FALSE,FALSE,FALSE,FALSE,FALSE
Marina/Venice/LAX,,Westchester Veterinary Center & Cat Clinic ,"Dr. Andrew Krieger, Dr. Sabrina Keigley, Dr. Tyler Carnahan, Dr. Benjamin Glicklin, Victor Cervantes, RVT, Jennifer Lawrence, RVT, BobbiJo Katagiri, Veterinary Assistant, David Cooper, Veterinary Assistant",310.645.4444,"8911 S Sepulveda Blvd, Los Angeles, CA 90045",info@westchestervet.com,11/7,6/1/2023,,,FALSE,TRUE,FALSE,FALSE,FALSE,FALSE,FALSE,FALSE,FALSE,FALSE,FALSE,FALSE,FALSE,FALSE,FALSE,FALSE,FALSE
Marina/Venice/LAX,, Animal Dermatology Clinic,"Craig Griffin, DVM, Wayne Rosenkrantz, DVM, Rusty Muse, DVM, Mona Boord, DVM, Mandy Burrows, BSc BVMS, Randall C. Thomas, DVM, Terri Bonenberger, DVM, Jenise Daigle, DVM, Joel Griffies, DVM, Heather Willis-Goulet, DVM, Lisa Akucewich, DVM, John Angus, DVM, Rudayna Ghubash, DVM, Colleen Mendelsohn, DVM, Allison Kirby, DVM, ",310.822.3376,"4834 Lincoln Blvd, Marina Del Rey, CA 90292",infomarinadelrey@adcmg.com,11/7,6/1/2023,,drop off bronchures on 3/1/22,FALSE,TRUE,FALSE,FALSE,FALSE,FALSE,FALSE,FALSE,FALSE,FALSE,FALSE,FALSE,FALSE,FALSE,FALSE,FALSE,FALSE
Mobile,,Dogcatdoc@yourdoor,Dr. Cynthia Hervatic,310.780.9465,Serving the Westside,dogcatdoc@gmail.com,11/7,6/1/2023,,,FALSE,TRUE,FALSE,FALSE,FALSE,FALSE,FALSE,FALSE,FALSE,FALSE,FALSE,FALSE,FALSE,FALSE,FALSE,FALSE,FALSE
Mobile,,Elite Veterinary Care,Dr. Kent,310.956.1702,"4139 Via Marina, Marina del Rey CA 90202",info@eliteveterinarycare.com,11/7,6/1/2023,,,FALSE,TRUE,FALSE,FALSE,FALSE,FALSE,FALSE,FALSE,FALSE,FALSE,FALSE,FALSE,FALSE,FALSE,FALSE,FALSE,FALSE
Mobile,,Gold Coast Mobile Veterinary Care,Dr. Jeanine Au,310.528.4026,"Services South Bay, Culver City, Mid-City, WH, Marina del Rey, SM, West LA, PP, San Fernando Valley",DoctorAu@gcmvc.com,11/7,6/1/2023,,,FALSE,TRUE,FALSE,FALSE,FALSE,FALSE,FALSE,FALSE,FALSE,FALSE,FALSE,FALSE,FALSE,FALSE,FALSE,FALSE,FALSE
Mobile,,Home Pet Doctor,Dr. Steve Smith,323.469.3442,Services Los Angeles,steve@homepetdoctor.com,11/7,6/1/2023,,,FALSE,TRUE,FALSE,FALSE,FALSE,FALSE,FALSE,FALSE,FALSE,FALSE,FALSE,FALSE,FALSE,FALSE,FALSE,FALSE,FALSE
Mobile,,Dr. Jack Vet Services,Dr. Jack,323-591-4838,"578 Washington Blvd. #306 Marina del Rey, CA 90292",,11/7,6/1/2023,,,FALSE,FALSE,FALSE,FALSE,FALSE,FALSE,FALSE,FALSE,FALSE,FALSE,FALSE,FALSE,FALSE,FALSE,FALSE,FALSE,FALSE
Mobile,,Paws and Claws Mobile Vet,,,,,11/7,6/1/2023,,,FALSE,FALSE,FALSE,FALSE,FALSE,FALSE,FALSE,FALSE,FALSE,FALSE,FALSE,FALSE,FALSE,FALSE,FALSE,FALSE,FALSE
Santa Monica,VCA,VCA Santa Monica Dog and Cat Hospital,"Dr. Gina Johnson, Nancy Nobles, Monique Washington",310.453.5459,"2010 Broadway., Santa Monica CA, 90404","Gina.Johnson@vca.com, Nancy.Nobles@vca.com, Monique.Washington@vca.com",11/7,6/1/2023,,"Visit on 3/1/22, gave brochures; met with Dr. Gina Johnson and Dr. Gina Furman (MRG)",FALSE,FALSE,FALSE,TRUE,TRUE,FALSE,FALSE,FALSE,FALSE,FALSE,FALSE,FALSE,FALSE,FALSE,FALSE,FALSE,FALSE
Santa Monica,VCA,VCA Wilshire,,"310.828.45887
","2421 Wilshire Blvd, Santa Monica, CA 90403","(Medical director) Frank.Lavac@vca.com, Jessica.baron@vca.com, Peter.castro@vca.com",11/7,6/1/2023,,,FALSE,FALSE,FALSE,FALSE,FALSE,FALSE,FALSE,FALSE,FALSE,FALSE,FALSE,FALSE,FALSE,FALSE,FALSE,FALSE,FALSE
Santa Monica,,Jones Animal Hospital,Dr. Kenneth Jones,310.477.4400,"1708 17th St, Santa Monica, CA 90404",,11/7,6/1/2023,,,FALSE,FALSE,FALSE,TRUE,TRUE,FALSE,FALSE,FALSE,FALSE,FALSE,FALSE,FALSE,FALSE,FALSE,FALSE,FALSE,FALSE
Santa Monica,,Pasternak Vet Center,"Henry Pasternak D.V.M., C.V.A",310.268.2275,,info@pasternakvetcenter.com,11/7,6/1/2023,,,FALSE,FALSE,FALSE,FALSE,FALSE,FALSE,FALSE,FALSE,FALSE,FALSE,FALSE,FALSE,FALSE,FALSE,FALSE,FALSE,FALSE
Santa Monica,,SM Pet Med Center,,310.393.8218,,"same as Annie Hernandez, DVM/ Santa Monica Pet Medical Center",11/7,6/1/2023,,"Vist on 3/1/22, drop off brochure and met with manager Robin Olivieri (310-393-8218) (MRG)",FALSE,FALSE,FALSE,FALSE,FALSE,FALSE,FALSE,FALSE,FALSE,FALSE,FALSE,FALSE,FALSE,FALSE,FALSE,FALSE,FALSE
Santa Monica,,Stewart Vet Group,,310.207.0651,,info@stewartvet.com,11/7,6/1/2023,,,FALSE,FALSE,FALSE,FALSE,FALSE,FALSE,FALSE,FALSE,FALSE,FALSE,FALSE,FALSE,FALSE,FALSE,FALSE,FALSE,FALSE
Santa Monica,,Animal Wellness Centers,"Dr. Annie Harvilicz, Dr. Pernilla Edstrom, Dr. Katarzyna, Dr. Ying Zhi Lim,",310.381.9481,"1217 Wilshire Blvd, Santa Monica, 90403",info@animalwellnesscenters.com,11/7,6/1/2023,,,FALSE,FALSE,FALSE,FALSE,FALSE,FALSE,FALSE,FALSE,FALSE,FALSE,FALSE,FALSE,FALSE,FALSE,FALSE,FALSE,FALSE
South Bay,,Family Pet Clinic of Redondo Beach,"Dr. Kimberly Daffner (Medical Director) Dr. Angela Randall, Dr. Joyce Wong, Dr. Jessica Friedman, Dr. Kara Carroll, Dr. Kristin Yang, Dr. Laura Schneider, ",310.376.0072,"2006 Artesia Blvd, Redondo Beach, CA 90278",frontdesk@familypetclinic.com,11/7,6/1/2023,,6/17- spoke to Lupita and she said to address to Owner/Medical Director Dr. Kimberly Daffner and it will get forwarded to her email- NG,FALSE,TRUE,FALSE,FALSE,FALSE,FALSE,FALSE,FALSE,FALSE,FALSE,FALSE,FALSE,FALSE,FALSE,FALSE,FALSE,FALSE
Valley,THRIVE,Woodland Hills ACCESS Specialty Animals Hospital,"Emily Chapel, DVM, MS, DACVIM (Cardiology), Amelia Sinkin, VMD, DACVIM (Cardiology), Adam Eatroff, DVM, DACVIM (SAIM), Max Emanuel, VMD, DACVIM (SAIM), Jodi Kuntz, DVM, DACVIM (SAIM), Phillip Mick, DVM, DACVIM (SAIM), Melissa Andruzzi, DVM, DACVIM (Neurology), Timothy Krebs, DVM, DACVIM (Neurology), Kim Carey, DVM, DACVS, Annie Lo, DVM, DACVS, Sarah Cudney, DVM, DACVECC, Kathryn Gates, BVSc, DACVECC, Jeanette Hendricks, DVM, DACVECC, Rich Mills, DVM, DACVECC, AmandaThomer, VMD, DACVECC",818-887-2262,"20051 Ventura Blvd D, Woodland Hills, CA 91364",,11/7,6/1/2023,,Open 24 hours for emergencies,FALSE,FALSE,FALSE,FALSE,FALSE,FALSE,FALSE,FALSE,FALSE,FALSE,FALSE,FALSE,FALSE,FALSE,FALSE,FALSE,FALSE
Valley,VCA,McClave Veterinary Hospital,,818-881-5102,"6950 Reseda Blvd., Reseda, CA 91335","Senta.Hutchinson@vca.com, Michelle.Juan@vca.com, Lorie.Kiss@vca.com, Nada.Khalaf@vca.com, Lori.Prater@vca.com, Hughes.Sanders@vca.com, Maegha.Singh@vca.com",11/7,6/1/2023,,,FALSE,FALSE,FALSE,FALSE,FALSE,FALSE,FALSE,FALSE,FALSE,FALSE,FALSE,FALSE,FALSE,FALSE,FALSE,FALSE,FALSE
Valley,VCA,McGrath Vet Center,"Grace Song, DVM, Brian McGrath, DVM, Michelle Miller, DVM",818.796.4550,"4560 Sherman Oaks Ave, Sherman Oaks, CA 91403","Senta.Hutchinson@vca.com, , Michelle.Juan@vca.com, Lorie.Kiss@vca.com, Nada.Khalaf@vca.com, Lori.Prater@vca.com, Hughes.Sanders@vca.com, Maegha.Singh@vca.com",11/7,6/1/2023,,,FALSE,FALSE,FALSE,FALSE,FALSE,FALSE,FALSE,FALSE,FALSE,FALSE,FALSE,FALSE,FALSE,FALSE,FALSE,FALSE,FALSE
Valley,,Animal Emergency Center (True Care for Pets),Office Manger Lindsey & Candice,818-760-3882,"11740 Ventura Blvd., Studio City, CA 91604",team@truecareforpets.com,11/7,6/1/2023,,"6/17-Called the number it is called True Care for Pets and spoke to Carla and she said when they get an email they forward to Office Manger Lindsey & Candice, just address to both of them- NG",FALSE,FALSE,FALSE,FALSE,FALSE,FALSE,FALSE,FALSE,FALSE,FALSE,FALSE,FALSE,FALSE,FALSE,FALSE,FALSE,FALSE
Valley,,"
Animal AM-Emergency Clinic","Dr. Craig Mohaghegh, Dr. Vicky Chan, Dr. Hsiang-ling Chang, Dr. Anna Satorius, Dr. Rebecca Wong",626-564-0704,"2121 E. Foothill Blvd, Pasadena, CA 91107", info@aaecp.com,11/7,6/1/2023,,,FALSE,FALSE,FALSE,FALSE,FALSE,FALSE,FALSE,FALSE,FALSE,FALSE,FALSE,FALSE,FALSE,FALSE,FALSE,FALSE,FALSE
Valley,,Animal Specialty Group,,818-244-7977,"4641 Colorado Blvd., Glendale, CA 90039","Andreas.Andreou@vca.com, Trista.Cheng@vca.com, Emily.Coddon@vca.com, Mickila.Collins@vca.com, Nicole.DeNezzo@vca.com, Christelle.Follette@vca.com, Yelena.George@vca.com, Max.Gluck@vca.com, Michael.Huber@vca.com, Marcy.Kanuka@vca.com, Kasey.Kensington@vca.com, Martin.Kwan@vca.com, Jenny.Kwok@vca.com, Joshua.Laske@vca.com, Emi.Ohashi@vca.com, Bonnie.Oliphant@vca.com, Rhonda.Schulman@vca.com, Dana.Sengewald@vca.com, Katie.Shanley@vca.com, Stacey.Sullivan@vca.com, Christina.Thompson@vca.com, ",11/7,6/1/2023,,,FALSE,FALSE,FALSE,FALSE,FALSE,FALSE,FALSE,FALSE,FALSE,FALSE,FALSE,FALSE,FALSE,FALSE,FALSE,FALSE,FALSE
Valley,,Beverly Oaks Animal Hospital,"Dr. Laurie Leach, Dr. Brian Wood, Sheena Novick Certified Veterinary Assistant, Liliya Didich Registered Veterinary Technician, Rudy Nava Registered Veterinary Technician",818-788-2022,"14302 Ventura Blvd., Sherman Oaks, CA 91423",bevoaks@gmail.com,11/7,6/1/2023,,Dr. Geist dropped off brochures on 8/4/22; unable to talk to anyone; follow up email sent,FALSE,TRUE,FALSE,TRUE,TRUE,FALSE,FALSE,FALSE,FALSE,FALSE,FALSE,FALSE,FALSE,FALSE,FALSE,FALSE,FALSE
Valley,VCA,Chatoak Pet Clinic,,818-363-7444,"17695 Chatsworth St., Granada Hills, CA 91344","Senta.Belding@vca.com, Cynthia.Binder@vca.com, Rebecca.Florio@vca.com, Donald.Morshead@vca.com, Smitha.Srinath@vca.com, ",11/7,6/1/2023,,geist sent email on 8/4/22 to all doctors,FALSE,TRUE,FALSE,FALSE,FALSE,FALSE,FALSE,FALSE,FALSE,FALSE,FALSE,FALSE,FALSE,FALSE,FALSE,FALSE,FALSE
Valley,,Eagle Rock Pet Emergency Clinic,,323-254-7382,"4254 Eagle Rock Blvd., Los Angeles, CA 90065","No longer in business, phone disconnected",11/7,6/1/2023,,Number is no longer in service and I checked the website and same number so assuming they are no in business any longer,FALSE,FALSE,FALSE,FALSE,FALSE,FALSE,FALSE,FALSE,FALSE,FALSE,FALSE,FALSE,FALSE,FALSE,FALSE,FALSE,FALSE
Valley,,Veterinary Specialists of the Valley,,818-883-8387,"22123, Ventura Blvd Woodland Hills, CA 91364","Melissa.Céspedes@vca.com, Pierce.Chan@vca.com, John.Chretin@vca.com, Sara.Crespo-Szabo@vca.com, Lisa.Gerlach@vca.com, YinWaBrontie.Kong@vca.com, Brittany. Harris@vca.com, Brittany.Harris@vca.com, Omar.Khalaf@vca.com, John.Chretin@vca.com, Denitza.Kakacheva@vca.com, Sara.Crespo-Szabo@vca.com, Peggy.McMahon@vca.com, Caroline.Sloan@vca.com, Vanessa.Tse@vca.com",11/7,6/1/2023,,Open 24/7 for Emergencies,FALSE,FALSE,FALSE,FALSE,FALSE,FALSE,FALSE,FALSE,FALSE,FALSE,FALSE,FALSE,FALSE,FALSE,FALSE,FALSE,FALSE
Valley,,Pet Doctor of Sherman Oaks,"Dr. Joseph D. Szanto, Dr. Alexis Cox, Dr. Kolleen Nellett, Dr. Nazbanoo Pahlavi, Dr. Missy Achenbach, Frank Valdez Veterinary Nurse, Ana Ramirez Veterinary Nurse",818.981.1899,"13756 Ventura Blvd Suite 101, Sherman Oaks, CA 91423",info@thepetdrs.com,11/7,6/1/2023,,6/17-Spoke to Annie and she said to send email addressed to Dr. Joseph Szanto (Founder/Medical Director) and it will get forward to him- NG                                                                                                                                    sent REF to us unolicited.  Spoke with Dr. Pahlavi,FALSE,TRUE,FALSE,FALSE,FALSE,FALSE,FALSE,FALSE,FALSE,FALSE,FALSE,FALSE,FALSE,FALSE,FALSE,FALSE,FALSE
Valley,,Animal Dermatology Center,Dr. Alexander Werner,(818) 981-8877,"13125 Ventura Blvd, Studio City, CA 91604",animaldermatologycenter@gmail.com,11/7,6/1/2023,,Dr. Geist met with Dr. Werner in person 8/4/22,FALSE,FALSE,FALSE,TRUE,TRUE,FALSE,FALSE,FALSE,FALSE,FALSE,FALSE,FALSE,FALSE,FALSE,FALSE,FALSE,FALSE
West LA./Palisades,VCA,VCA Specialty and Emergency Center,,818.883.8387,"22123, Ventura Blvd Woodland Hills, CA 91364","Melissa.Céspedes@vca.com, Pierce.Chan@vca.com, John.Chretin@vca.com, Sara.Crespo-Szabo@vca.com, Lisa.Gerlach@vca.com, YinWaBrontie.Kong@vca.com, Brittany. Harris@vca.com, Brittany.Harris@vca.com, Omar.Khalaf@vca.com, John.Chretin@vca.com, Denitza.Kakacheva@vca.com, Sara.Crespo-Szabo@vca.com, Peggy.McMahon@vca.com, Caroline.Sloan@vca.com, Vanessa.Tse@vca.com",11/7,6/1/2023,,,FALSE,FALSE,FALSE,FALSE,FALSE,FALSE,FALSE,FALSE,FALSE,FALSE,FALSE,FALSE,FALSE,FALSE,FALSE,FALSE,FALSE
West LA./Palisades,VCA,VCA West L.A. Animal Hospital,,310-473-2951,"1818 South Sepulveda Blvd., Los Angeles, CA 90025","I think same as Animal Surgical and Emergency Center",11/7,6/1/2023,,,FALSE,FALSE,FALSE,FALSE,FALSE,FALSE,FALSE,FALSE,FALSE,FALSE,FALSE,FALSE,FALSE,FALSE,FALSE,FALSE,FALSE
West LA./Palisades,VCA,Animal Specialty and Emergency Center ,,310-473-1561,"1535 South Sepulveda Blvd., Los Angeles, CA 90025","Zoe.Olmos@vca.com, Vanessa.Washburn@vca.com, Tricia. Tovar@vca.com, Raviv.Balfour@vca.com, Kristin.Barncord@vca.com, Betty.Chow@vca.com, Eric.Chow@vca.com, Sue.Downing@vca.com, Adrienne.Felix@vca.com, Annie.Kang@vca.com, Andres.Ixtlahuac@vca.com, Ingrid.Judge@vca.com, Teresa.Linder@vca.com, Melissa.Ong@vca.com, Roxanne.Regalado@vca.com, Jean.Reichle@vca.com, Daniella.Ross@vca.com, Carley.Saelinger@vca.com, Brittany.Shuster@vca.com, Mary.Somerville@vca.com, Nicole.Spurlock@vca.com, Annika.Sundby@vca.com, David.Szabo@vca.com, Sameer.Trivedi@vca.com, Kimberly.Vu@vca.com, Michell. Zhang@vca.com, ",11/7,6/1/2023,,,FALSE,FALSE,FALSE,FALSE,FALSE,FALSE,FALSE,FALSE,FALSE,FALSE,FALSE,FALSE,FALSE,FALSE,FALSE,FALSE,FALSE
West LA./Palisades,,Brent-Air Animal Hospital,"Kevin Schlanger, DVM",310.478.0011,"4477 Sepulveda Blvd, Culver City, CA 90230",,11/7,6/1/2023,,,FALSE,FALSE,FALSE,FALSE,FALSE,FALSE,FALSE,FALSE,FALSE,FALSE,FALSE,FALSE,FALSE,FALSE,FALSE,FALSE,FALSE
West LA./Palisades,,Carlsen Animal Hospital,"YASMIN GOLSHAHI, RESHMA BIJLANI, SHADIE GHAFFARI",310.445.4692,"11163 La Grange Ave, Los Angeles, CA 90025",CARLSENANIMALHOSPITAL@CAHSTAFF.COM,11/7,6/1/2023,,,FALSE,FALSE,FALSE,FALSE,FALSE,FALSE,FALSE,FALSE,FALSE,FALSE,FALSE,FALSE,FALSE,FALSE,FALSE,FALSE,FALSE
West LA./Palisades,,Mar Vista Animal Medical Center,"Dr. Wendy Brooks, Dr. Leslie Moore, Dr. Jenny Johnson, Dr. Linda Larsen,",(310) 391-6741,"3850 Grand View Blvd, Los Angeles, CA 90066",MarVistaAMC@gmail.com,11/7,6/1/2023,,,FALSE,FALSE,FALSE,FALSE,FALSE,FALSE,FALSE,FALSE,FALSE,FALSE,FALSE,FALSE,FALSE,FALSE,FALSE,FALSE,FALSE
West LA./Palisades,,Westside Pet Clinic,,310-451-8962,"1304 Wilshire Blvd., Santa Monica",phone out of service,11/7,6/1/2023,,,FALSE,FALSE,FALSE,FALSE,FALSE,FALSE,FALSE,FALSE,FALSE,FALSE,FALSE,FALSE,FALSE,FALSE,FALSE,FALSE,FALSE
West LA./Palisades,,Pacific Animal Clinic,"Michele Karron, DVM, Lindsey Gilbert, DVM, Holly Jordan, DVM",(310) 473-4030,"11343 Santa Monica Blvd, Los Angeles, CA 90025",drk@pacificanimalclinic.com,11/7,6/1/2023,,Michele Knows Geist,FALSE,FALSE,FALSE,FALSE,FALSE,FALSE,FALSE,FALSE,FALSE,FALSE,FALSE,FALSE,FALSE,FALSE,FALSE,FALSE,FALSE
West LA./Palisades,,Pacific Palisades Vet Center,"Dr. Kathy Litochleb, Dr. Holly Jordan, Dr. Cecile Mercado, Daisy Cruise Technician, David Rice Technician, Magen Prado Technician",310.573.7707,"853 Vía De La Paz, Pacific Palisades, CA 90272",hello@palivet.com,11/7,6/1/2023,,,FALSE,FALSE,FALSE,FALSE,FALSE,FALSE,FALSE,FALSE,FALSE,FALSE,FALSE,FALSE,FALSE,FALSE,FALSE,FALSE,FALSE
West LA./Palisades,,Palisades Animal Clinic,"Dr. Dana DePerno, Dr. Lisa Newell, Dr. Cecile Mercado",310.454.6503,"16636 Marquez Ave, Pacific Palisades, CA 90272",information@malibuvets.com,11/7,6/1/2023,,"6/17- Spoke to Charlotte and she said that 10 vets have access to this email, I asked for the head vet but she said they all have access- NG",FALSE,FALSE,FALSE,FALSE,FALSE,FALSE,FALSE,FALSE,FALSE,FALSE,FALSE,FALSE,FALSE,FALSE,FALSE,FALSE,FALSE
West LA./Palisades,,Value Vet Westwood,,310.446.3908,"1278 Westwood Blvd, Los Angeles, CA 90024","All locations:   westwood@myvaluevet.com, canogapark@myvaluevet.com, picoshelter@verizon.net",11/7,6/1/2023,,,FALSE,FALSE,FALSE,FALSE,FALSE,FALSE,FALSE,FALSE,FALSE,FALSE,FALSE,FALSE,FALSE,FALSE,FALSE,FALSE,FALSE
West LA./Palisades,,West LA Vet Group,Dr. Hsiang-ling Chang,310.478.5915,"10749 W Pico Blvd, Los Angeles, CA 90064",info@wlavg.com,11/7,6/1/2023,,,FALSE,FALSE,FALSE,FALSE,FALSE,FALSE,FALSE,FALSE,FALSE,FALSE,FALSE,FALSE,FALSE,FALSE,FALSE,FALSE,FALSE
West LA./Palisades,,Westside Pet Clinic,"Dr. Gary Adams, Ino Cheng, RVT, Edgar ""Tony"" Pineda,Veterinary Technician,",310.451.7425,"1304 Wilshire Blvd, Santa Monica, CA 90403",info@westsidepetclinic.com,"11/7, 12/9/2022",6/1/2023,,,FALSE,FALSE,FALSE,FALSE,FALSE,FALSE,FALSE,FALSE,FALSE,FALSE,FALSE,FALSE,FALSE,FALSE,FALSE,FALSE,FALSE
West LA./Palisades,,Vet Skin and Ear,"Dr. Austin Richman, Anna Satorious",310.855.3499,"11335 Santa Monica Blvd, Los Angeles, CA 90025",info@vetskinear.com,11/7,6/1/2023,,,FALSE,FALSE,FALSE,FALSE,FALSE,FALSE,FALSE,FALSE,FALSE,FALSE,FALSE,FALSE,FALSE,FALSE,FALSE,FALSE,FALSE
West LA./Palisades,,VCA Animal Medical Center of Southern California,,(310) 575-5656,"2340 S Sepulveda Blvd, Los Angeles, CA 90064","vcaamcsocal@vca.com, Alan.Schulma@vca.com, Jenny.Youngblood@vca.com, William.Husky@vca.com",11/7,6/1/2023,,,FALSE,FALSE,FALSE,FALSE,FALSE,FALSE,FALSE,FALSE,FALSE,FALSE,FALSE,FALSE,FALSE,FALSE,FALSE,FALSE,FALSE
Culver City,THRIVE,Access LA,Dr. Rebecca Wong,310.558.6100,"9599 Jefferson Blvd, Culver City CA 90232",cserv@accessla.org,11/7,6/1/2023,,,FALSE,FALSE,FALSE,FALSE,FALSE,FALSE,FALSE,FALSE,FALSE,FALSE,FALSE,FALSE,FALSE,FALSE,FALSE,FALSE,FALSE
Santa Monica,VCA,VCA TLC Animal Hospital,,310.859.4852,"8725 Santa Monica Blvd, WHollywood CA 90069","ian.hannigan@vca.com, adora.min@vca.com, linda.shim@gmail.com, daisy.tigler@vca.com, eliza.yashari@vca.com",11/7,6/1/2023,,,FALSE,FALSE,FALSE,FALSE,FALSE,FALSE,FALSE,FALSE,FALSE,FALSE,FALSE,FALSE,FALSE,FALSE,FALSE,FALSE,FALSE
South Bay,,Bay Animal Hospital,,310.545.6596,"1801 North Sepulveda blvd, Manhattan Beach CA 90266","frontdesk@bayanimalhosp.com, sgoodell@bayanimalhosp.com, jbailey@bayanimalhosp.com, sgilliam@bayanimalhosp.com, jmatsuoka@bayanimalhosp.com, aimeson@bayanimalhosp.com, rtalpalatsky@bayanimalhosp.com",11/7,6/1/2023,,,FALSE,FALSE,FALSE,FALSE,FALSE,FALSE,FALSE,FALSE,FALSE,FALSE,FALSE,FALSE,FALSE,FALSE,FALSE,FALSE,FALSE
Irvine,,Blue Pet Hospital,"Wayne Berry, Vivian Chiang DVM, Autumn Denison DVM, Megan Doan DVM, Scarlette Donovan VTS ",949.833.9020,"1371 Reynolds Ave., Irvine, CA 92614",info.irvine@bluepearlvet.com,11/7,6/1/2023,,,FALSE,FALSE,FALSE,FALSE,FALSE,FALSE,FALSE,FALSE,FALSE,FALSE,FALSE,FALSE,FALSE,FALSE,FALSE,FALSE,FALSE
,,Comforting Creatures,,310.438.6734,"5113 1/2 Lincoln Ave Los Angeles, CA",,11/7,6/1/2023,,,FALSE,FALSE,FALSE,FALSE,FALSE,FALSE,FALSE,FALSE,FALSE,FALSE,FALSE,FALSE,FALSE,FALSE,FALSE,FALSE,FALSE
Deep Valley,,Family Veterinary,Dr. Shukman,818.438.4096,,familyveterinaryinc@gmail.com,11/7,6/1/2023,,,FALSE,FALSE,FALSE,FALSE,FALSE,FALSE,FALSE,FALSE,FALSE,FALSE,FALSE,FALSE,FALSE,FALSE,FALSE,FALSE,FALSE
,,Gemcore Vet Services,Dr. Leticia Gonzalez,818.626.4964,"21701 Devonshire St Suite F, Chatsworth, CA 91311",gemcorevetservices@gmail.com,11/7,6/1/2023,,,FALSE,FALSE,FALSE,FALSE,FALSE,FALSE,FALSE,FALSE,FALSE,FALSE,FALSE,FALSE,FALSE,FALSE,FALSE,FALSE,FALSE
BH/WHollywood,,Laurel Pet Hospital,"TODD CALSYN, VMD, TONY EBLING, VMD, MEREDITH RETTINGER, DVM, ALLISON PANG, DVM, JD CALSYN, VMD, DACVIM, JASON BALARA, DVM, DACVS, ",323.654.7060,"7970 Santa Monica Blvd, West Hollywood, CA 90046",lph@laurelpethospital.com,11/9,6/1/2023,,,FALSE,FALSE,FALSE,FALSE,FALSE,FALSE,FALSE,FALSE,FALSE,FALSE,FALSE,FALSE,FALSE,FALSE,FALSE,FALSE,FALSE
,,Los Angeles Vet Center,,"(323) 685-7131","109 N Boyle Ave, Los Angeles, CA 90033"," info.laveterinarycenter@gmail.com 
",11/7,6/1/2023,,,FALSE,FALSE,FALSE,TRUE,TRUE,FALSE,FALSE,FALSE,FALSE,FALSE,FALSE,FALSE,FALSE,FALSE,FALSE,FALSE,FALSE
,,Metropolitan Animal Specialty Hospital,"Dr. Domenico Bianco, Dr. Joseph V. Bisignano, "," (855) 350-7387","6565 Santa Monica Blvd, Los Angeles, CA 90038",,11/7,6/1/2023,,,FALSE,FALSE,FALSE,FALSE,FALSE,FALSE,FALSE,FALSE,FALSE,FALSE,FALSE,FALSE,FALSE,FALSE,FALSE,FALSE,FALSE
South Bay,,Redondo Shores Veterinary Center,,(310) 540-5588,"701 S Pacific Coast Hwy, Redondo Beach, CA 90277",info@redondoshoresvet.com,11/7,6/1/2023,,,FALSE,FALSE,FALSE,FALSE,FALSE,FALSE,FALSE,FALSE,FALSE,FALSE,FALSE,FALSE,FALSE,FALSE,FALSE,FALSE,FALSE
,,Serenity Vet Care,"Dr. Benjamin Rosnick, Dr. Lindsey Wendt, Mayela Villalobos VT, Dr. Jordan Davis-Powell, Dr. Angela Randall,"," (310) 990-1571",,"info@serenityvetcare.com
",11/7,6/1/2023,,,FALSE,FALSE,FALSE,FALSE,FALSE,FALSE,FALSE,FALSE,FALSE,FALSE,FALSE,FALSE,FALSE,FALSE,FALSE,FALSE,FALSE
Marina/Venice/LAX,,Shanes Vet Med Center,Dr. Shane,310.305.7297,"4816 Lincoln Blvd, Marina Del Rey, CA 90292",shanevmc@gmail.com,11/7,6/1/2023,,drop off brochures on 3/1/22,FALSE,FALSE,FALSE,FALSE,FALSE,FALSE,FALSE,FALSE,FALSE,FALSE,FALSE,FALSE,FALSE,FALSE,FALSE,FALSE,FALSE
,,Shiloh Vet Hospital,,,,,11/7,6/1/2023,,,FALSE,FALSE,FALSE,FALSE,FALSE,FALSE,FALSE,FALSE,FALSE,FALSE,FALSE,FALSE,FALSE,FALSE,FALSE,FALSE,FALSE
,,T.H.E. Cat hospital,,310.773.9286,,same as The Cat Pratice,11/7,6/1/2023,,,FALSE,FALSE,FALSE,FALSE,FALSE,FALSE,FALSE,FALSE,FALSE,FALSE,FALSE,FALSE,FALSE,FALSE,FALSE,FALSE,FALSE
Marina/Venice/LAX,,The Cat Hospital,"Dr. Elston, Dr. Blair",310.773.9286,"Marina Square, 4716B Lincoln Boulevard
Marina del Rey, CA 90292",marina@thecathospital.com,11/7,6/1/2023,,,FALSE,FALSE,FALSE,FALSE,FALSE,FALSE,FALSE,FALSE,FALSE,FALSE,FALSE,FALSE,FALSE,FALSE,FALSE,FALSE,FALSE
Santa Monica,,The Paw Project,"Lisa Hsuan, DVM","(310) 795-6215","1507 7th St, Santa Monica, CA 90406","info@pawproject.org
",11/7,6/1/2023,,,FALSE,FALSE,FALSE,FALSE,FALSE,FALSE,FALSE,FALSE,FALSE,FALSE,FALSE,FALSE,FALSE,FALSE,FALSE,FALSE,FALSE
Hollywood,,The Veterinary Care Center,"Dr. Karen Heard, Dr. Gary Latos, Dr. Robert Goldman, Dr. Christian Amezcua, Dr. Carrie Bagshaw, Dr. Keri Franco, Dr. Christian Paxton, Dr. Yuko Nishiyama, Dr. Alexandra Orenich, Dr. Odeliah Bouganim, Jacqueline Delacruz Head Technician,",(323) 919-6666,"6455 Santa Monica Blvd, Los Angeles, CA 90038",info@veterinarycarecenter.com,11/7,6/1/2023,,,FALSE,FALSE,FALSE,FALSE,FALSE,FALSE,FALSE,FALSE,FALSE,FALSE,FALSE,FALSE,FALSE,FALSE,FALSE,FALSE,FALSE
,,The Village Vet,"DR. MICHELLE FULLER, DR. JANE KELLY, DR. ROXANNE LEBRUN","(323) 666-9838","2839 Hyperion Ave, Los Angeles, CA 90027",INFO@VILLAGEVET.LA,11/7,6/1/2023,,,FALSE,FALSE,FALSE,TRUE,TRUE,FALSE,FALSE,FALSE,FALSE,FALSE,FALSE,FALSE,FALSE,FALSE,FALSE,FALSE,FALSE
Valley,,TrueCare for Pets,"Dr. Soto, Dr. Chaplow, Dr. Lottati, Dr. Quarterman, ",(818) 760-3882,"11730 Ventura Blvd, Los Angeles, CA 91604",team@truecareforpets.com,11/7,6/1/2023,,,FALSE,FALSE,FALSE,FALSE,FALSE,FALSE,FALSE,FALSE,FALSE,FALSE,FALSE,FALSE,FALSE,FALSE,FALSE,FALSE,FALSE
,,Two Hand Four Paws,Dr. Morgan Dixon,310.475.8555,"2440 Federal Ave, LA",info@twohandsfourpaws.com,11/7,6/1/2023,,,FALSE,FALSE,TRUE,FALSE,FALSE,FALSE,FALSE,FALSE,FALSE,FALSE,FALSE,FALSE,FALSE,FALSE,FALSE,FALSE,FALSE
,,,,,,,11/7,6/1/2023,,,FALSE,FALSE,FALSE,FALSE,FALSE,FALSE,FALSE,FALSE,FALSE,FALSE,FALSE,FALSE,FALSE,FALSE,FALSE,FALSE,FALSE
CLINICS ADDDED BY NG,,,,,,,11/7,6/1/2023,,,FALSE,FALSE,FALSE,FALSE,FALSE,FALSE,FALSE,FALSE,FALSE,FALSE,FALSE,FALSE,FALSE,FALSE,FALSE,FALSE,FALSE
,,,,,,,11/7,6/1/2023,,,FALSE,FALSE,FALSE,FALSE,FALSE,FALSE,FALSE,FALSE,FALSE,FALSE,FALSE,FALSE,FALSE,FALSE,FALSE,FALSE,FALSE
,,Emerald Animal Clinic,Dr. Anahita,(310) 564-0013,"11560 W Olympic Blvd, Los Angeles, CA 90064","info@emeraldanimal.com, Dr. Anahita",11/7,6/1/2023,,,TRUE,FALSE,FALSE,FALSE,FALSE,FALSE,FALSE,FALSE,FALSE,FALSE,FALSE,FALSE,FALSE,FALSE,FALSE,FALSE,FALSE
,,LA Pet Clinic,Dr. Reina Gaetan,(323) 461-3575,"5853 Melrose Ave, Los Angeles, CA 90038",,11/7,6/1/2023,,,FALSE,FALSE,FALSE,FALSE,FALSE,FALSE,FALSE,FALSE,FALSE,FALSE,FALSE,FALSE,FALSE,FALSE,FALSE,FALSE,FALSE
Marina/Venice/LAX,,One Vet Marine Del Ray,,(844) 531-0203,"13428 Maxella Ave #770, Marina Del Rey, CA 90292",,11/7,6/1/2023,,,FALSE,FALSE,FALSE,FALSE,FALSE,FALSE,FALSE,FALSE,FALSE,FALSE,FALSE,FALSE,FALSE,FALSE,FALSE,FALSE,FALSE
Santa Monica,,Greentree Vet Services,Dr. Susan Greenbaum,(424) 253-4140,"1860 10th St, Santa Monica, CA 90404",,11/7,6/1/2023,,,FALSE,FALSE,FALSE,FALSE,FALSE,FALSE,FALSE,FALSE,FALSE,FALSE,FALSE,FALSE,FALSE,FALSE,FALSE,FALSE,FALSE
,,Shelter Vet,,(310) 473-4295,"11361 W Pico Blvd, Los Angeles, CA 90064",,11/7,6/1/2023,,,FALSE,FALSE,FALSE,FALSE,FALSE,FALSE,FALSE,FALSE,FALSE,FALSE,FALSE,FALSE,FALSE,FALSE,FALSE,FALSE,FALSE
Culver City,,Fox Hills Animal Services,"DR. WEFKI GIRGIS, DR. ANDREW GIRGIS,",(310) 397-4883,"5558 Sepulveda Blvd, Culver City, CA 90230",info@foxhillsah.com,11/7,6/1/2023,,,FALSE,FALSE,FALSE,FALSE,FALSE,FALSE,FALSE,FALSE,FALSE,FALSE,FALSE,FALSE,FALSE,FALSE,FALSE,FALSE,FALSE
South Bay,,El Segundo Animal Hospital,"Dr. Andrew M. Streiber, Stephanie Checel, DVM,",(310) 606-8811,"240 Center St, El Segundo, CA 90245",reception@elsegundoah.com,11/7,6/1/2023,,,FALSE,FALSE,FALSE,FALSE,FALSE,FALSE,FALSE,FALSE,FALSE,FALSE,FALSE,FALSE,FALSE,FALSE,FALSE,FALSE,FALSE
Culver City,,Sepulveda Animal Hospital,"Yves Galea, D.V.M., Helene Tolliver, D.V.M.,",(310) 397-0774,"4300 Sepulveda Blvd, Culver City, CA 90230",info@sepulvedaanimalhospital.com,11/7,6/1/2023,,,FALSE,FALSE,FALSE,FALSE,FALSE,FALSE,FALSE,FALSE,FALSE,FALSE,FALSE,FALSE,FALSE,FALSE,FALSE,FALSE,FALSE
,,California Animal Rehabilitation,"Jessica H. Waldman, VMD, CVA, CCRT, Justine Ma, DVM, CVA, Carissa Hoffman, DVM, CVA, Dr. Ava Kent, DVM, CVA, Dr. Karen Rabin, DVM, CVMA,",(310) 998-2273,"2237 Colby Ave, Los Angeles, CA 90064",info@CalAnimalRehab.com,11/7,6/1/2023,,,FALSE,FALSE,FALSE,FALSE,FALSE,FALSE,FALSE,FALSE,FALSE,FALSE,FALSE,FALSE,FALSE,FALSE,FALSE,FALSE,FALSE
BH/WHollywood,,Modern Animal,"Dr. Christie Long, DVM, Steven Eidelman Founder, CEO",(424) 228-9929,"8122 Beverly Blvd, Los Angeles, CA 90048",hello@modernanimal.com,11/7,6/1/2023,,,FALSE,FALSE,FALSE,FALSE,FALSE,FALSE,FALSE,FALSE,FALSE,FALSE,FALSE,FALSE,FALSE,FALSE,FALSE,FALSE,FALSE
Culver City,,Overland Vet,"Dr. Daniel Lee, Dr. Vallard Forsythe, Dr. Kim Bhuta, Dr. Esmeralda Cano",(310) 559-2424,"3465 Overland Ave, Los Angeles, CA 90034",,11/7,6/1/2023,,,FALSE,FALSE,FALSE,FALSE,FALSE,FALSE,FALSE,FALSE,FALSE,FALSE,FALSE,FALSE,FALSE,FALSE,FALSE,FALSE,FALSE
Central LA,,"Larchmont Animal Clinic doctors names are in next column, click to see them","Dr. Ciganek, Dr. Horowitz, Josh Hartman Mealey, Tech, Josh Hartman Mealey, Receptionist",(323) 463-4889,"316 N Larchmont Blvd, Los Angeles, CA 90004","info@larchmontvet.com, click on D column to see doctors' names",11/7,6/1/2023,,,FALSE,FALSE,FALSE,FALSE,FALSE,FALSE,FALSE,FALSE,FALSE,FALSE,FALSE,FALSE,FALSE,FALSE,FALSE,FALSE,FALSE